time_s,voltage_v,current_a,voltage_fit_v
0.0,3.5496,-0.0,3.5495750236771992
1.0029999999969732,3.5496,-0.0,3.556633747552942
1.998990000000049,3.5496,-0.0,3.5554586166169013
3.002999999996973,3.5496,-0.0,3.5543160247503174
4.002999999996973,3.5496,-0.0,3.55324520091853
5.000999999996566,3.5496,-0.0,3.552239538716713
6.004999999997381,3.5496,-0.0,3.5512876045180826
7.004999999997381,3.5496,-0.0,3.550395538322735
8.00499999999738,3.5496,-0.0,3.549556127952483
9.004000000000815,3.5496,-0.0,3.548767031403462
9.004000000000815,3.5496,-0.0,3.548767031403462
9.11699999999837,3.42206,5.83393,3.416819368042197
9.208999999995285,3.38346,5.8078,3.394678359186753
9.309999999997672,3.37317,5.80208,3.3801801901400097
9.413000000000466,3.36866,5.79963,3.3716086506255287
9.51299999999901,3.36673,5.79963,3.3666556575414237
9.610999999997148,3.36545,5.79963,3.363649994147761
9.711999999999534,3.36416,5.79963,3.3616466556945412
9.817999999999302,3.36352,5.79963,3.360221356278296
9.911000000000058,3.36287,5.79882,3.35931431342308
10.009999999994761,3.36159,5.79882,3.3585263843733353
10.110999999997148,3.36094,5.79963,3.357822818512858
10.213999999999942,3.3603,5.79882,3.3572087241644857
10.315999999998894,3.35966,5.79882,3.3566293525396738
10.407999999995809,3.35901,5.79882,3.3561275418328935
10.516999999999825,3.35773,5.79882,3.3555489431941505
10.61699999999837,3.35708,5.79882,3.355028178343624
10.709999999999127,3.35708,5.79963,3.3545325660558696
10.81699999999546,3.35644,5.79963,3.3539839668144102
10.909999999996217,3.35579,5.79882,3.3535299652748525
11.009999999994761,3.35515,5.79882,3.3530312996093152
11.115989999998419,3.35451,5.79963,3.3524873556584383
11.214999999996508,3.35386,5.79963,3.351995271606189
11.313999999998487,3.35322,5.79963,3.3515074142854444
11.41298999999708,3.35258,5.79963,3.3510232354674625
11.515999999995984,3.35193,5.79963,3.350522903560391
11.618999999998778,3.35129,5.79963,3.350025989335447
11.7129999999961,3.35065,5.79882,3.3495927605314955
11.817999999999302,3.35,5.79882,3.349096329791117
11.907999999995809,3.34936,5.79882,3.3486720147760902
12.01299999999901,3.34872,5.79963,3.3481610797380807
12.114000000001397,3.34872,5.79963,3.347685801586767
12.21600000000035,3.34807,5.79963,3.347209983249032
12.307999999997264,3.34743,5.79963,3.3467839380785147
12.411000000000058,3.34679,5.79882,3.3463280198054886
12.514999999999418,3.34614,5.79882,3.3458565236538256
12.61200000000099,3.34614,5.79882,3.345418142568173
12.714999999996508,3.3455,5.79963,3.344936831558383
12.809999999997672,3.34486,5.79963,3.3445081331459625
12.911999999996624,3.34421,5.79882,3.344069662473365
13.010989999995218,3.34421,5.79882,3.343633784270561
13.112999999997555,3.34357,5.79882,3.3431862440837836
13.213999999999942,3.34293,5.79882,3.342745237139063
13.313999999998487,3.34228,5.79882,3.3423109108962485
13.41700000000128,3.34228,5.79963,3.341848244378868
13.508999999998196,3.34164,5.79882,3.341467208164763
13.617999999994936,3.341,5.79963,3.34098553734738
13.716999999996915,3.34035,5.79963,3.3405630583430765
13.809990000001562,3.34035,5.79882,3.34018685723452
13.911000000000058,3.33971,5.79882,3.3397661984319913
14.010999999998603,3.33907,5.79882,3.339351074999483
14.112999999997555,3.33907,5.79882,3.3389295405303985
14.2129999999961,3.33842,5.79963,3.338500691507671
14.309999999997672,3.33778,5.79882,3.338118133417618
14.415000000000873,3.33714,5.79963,3.3376749468776175
14.508999999998196,3.33714,5.79963,3.3372925441928545
14.61200000000099,3.33649,5.79963,3.336877117111379
14.715989999996964,3.33649,5.79963,3.3364609860028898
14.813999999998487,3.33585,5.79963,3.3360715277265065
14.911999999996624,3.33521,5.79963,3.3356846120454993
15.011999999995169,3.33521,5.79963,3.335292282143843
15.112999999997555,3.33456,5.79963,3.3348985095146344
15.214999999996508,3.33392,5.79963,3.334503323944983
15.31699999999546,3.33392,5.79963,3.334110604548485
15.409999999996217,3.33328,5.79963,3.3337546653526235
15.510999999998603,3.33328,5.79963,3.333370388799861
15.616000000001804,3.33263,5.79882,3.3329913447971276
15.709989999995742,3.33199,5.79963,3.3326240273271655
15.817999999999302,3.33199,5.79963,3.3322188820015075
15.909999999996217,3.33135,5.79882,3.331893848399338
16.014999999999418,3.3307,5.79882,3.331509728108999
16.117999999994936,3.33006,5.79963,3.33111603559363
16.210999999995693,3.33006,5.79963,3.330774683076954
16.314999999995052,3.32942,5.79963,3.330396337332223
16.409999999996217,3.32942,5.79963,3.3300534070247014
16.50898999999481,3.32877,5.79963,3.3296985171846476
16.60899999999674,3.32877,5.79963,3.3293423383936362
16.709999999999127,3.32813,5.79963,3.3289849451396725
16.80999999999767,3.32749,5.79963,3.328633314225594
16.909999999996217,3.32749,5.79963,3.3282838539147725
17.01799000000028,3.32684,5.79963,3.3279088756734985
17.114000000001397,3.32684,5.79882,3.3275951023080546
17.210999999995693,3.3262,5.79882,3.3272659398738873
17.315999999998894,3.32556,5.79963,3.3268922377005574
17.409999999996217,3.32556,5.79963,3.3265715187075937
17.513999999995576,3.32491,5.79882,3.326237725925204
17.61200000000099,3.32491,5.79963,3.325894743059958
17.711999999999534,3.32427,5.79882,3.325577681559061
17.813999999998487,3.32427,5.79963,3.325225007824176
17.917999999997846,3.32363,5.79882,3.324898890134798
18.015999999995984,3.32363,5.79882,3.3245810567555627
18.110999999997148,3.32298,5.79963,3.3242563828840543
18.216999999996915,3.32234,5.79963,3.323911260118763
18.315999999998894,3.32234,5.79963,3.3235921437883675
18.409999999996217,3.32234,5.79963,3.3232915344477485
18.510999999998603,3.3217,5.79963,3.3229708350966733
18.61099000000104,3.32105,5.79963,3.322655504615456
18.708999999995285,3.32105,5.79963,3.3223483992083813
18.809000000001106,3.32041,5.79963,3.322037012847764
18.911000000000058,3.32041,5.79963,3.3217213876630876
19.014999999999418,3.31977,5.79963,3.3214016094257213
19.014999999999418,3.31977,5.79882,3.3214130677689973
19.122999999999593,3.41899,-0.0,3.450576367475311
19.224999999998545,3.48075,-0.0,3.4752719359059063
19.322999999996682,3.49491,-0.0,3.4888490935761443
19.424999999995634,3.49941,-0.0,3.496984682972657
19.521999999997206,3.50199,-0.0,3.501471359571845
19.627000000000407,3.50263,-0.0,3.5043069882198803
19.723989999998594,3.50392,-0.0,3.505860183273425
19.822999999996682,3.50392,-0.0,3.506845810890867
19.922999999995227,3.50456,-0.0,3.507487456763269
20.023999999997613,3.5052,-0.0,3.5079293392960644
20.122999999999593,3.50585,-0.0,3.508247503458738
20.222999999998137,3.50649,-0.0,3.5085026383429367
20.324000000000524,3.50713,-0.0,3.508721364753297
20.4320000000007,3.50713,-0.0,3.5089304371350902
20.527000000001863,3.50778,-0.0,3.5091019535646675
20.627999999996973,3.50778,-0.0,3.5092766978211896
20.72599999999511,3.50842,-0.0,3.5094415241351076
20.82600000000093,3.50906,-0.0,3.5096065584596574
20.92899999999645,3.50906,-0.0,3.509774207313596
21.026989999998477,3.50906,-0.0,3.5099320386712836
21.127999999996973,3.50971,-0.0,3.510093352552719
21.223999999994703,3.50971,-0.0,3.5102455330604507
21.328990000001795,3.51035,-0.0,3.51041081314478
21.423989999995683,3.51035,-0.0,3.510559388552403
21.52599999999802,3.51099,-0.0,3.5107179315414534
21.625999999996566,3.51099,-0.0,3.510872373948454
21.729999999995925,3.51164,-0.0,3.5110319858936556
21.82800000000134,3.51164,-0.0,3.511181460373202
21.926999999996042,3.51164,-0.0,3.511331553608008
22.027000000001863,3.51228,-0.0,3.511482245413281
22.129000000000815,3.51228,-0.0,3.5116350079743452
22.227999999995518,3.51228,-0.0,3.5117823728672053
22.32600000000093,3.51292,-0.0,3.511927377178098
22.432999999997264,3.51292,-0.0,3.5120847137230227
22.523999999997613,3.51292,-0.0,3.5122177195642434
22.629000000000815,3.51357,-0.0,3.5123702755050705
22.72599999999511,3.51357,-0.0,3.5125103446905888
22.826990000001388,3.51357,-0.0,3.5126552997873057
22.926989999999932,3.51357,-0.0,3.51279795895996
23.029999999998836,3.51421,-0.0,3.5129440074460487
23.125999999996566,3.51421,-0.0,3.5130792955468633
23.223999999994703,3.51421,-0.0,3.5132165895136054
23.32600000000093,3.51485,-0.0,3.5133586205716143
23.42199999999866,3.51485,-0.0,3.513491494094114
23.528999999994994,3.51485,-0.0,3.5136386810188793
23.625990000000456,3.51485,-0.0,3.5137712730082913
23.724999999998545,3.5155,-0.0,3.513905821856456
23.82499999999709,3.5155,-0.0,3.514040895850138
23.9320000000007,3.51614,-0.0,3.5141845178138422
24.029999999998836,3.51614,-0.0,3.5143152416255212
24.131000000001222,3.51614,-0.0,3.5144491540820284
24.22899999999936,3.51614,-0.0,3.51457830472568
24.324000000000524,3.51678,-0.0,3.514702768873567
24.42899999999645,3.51678,-0.0,3.514839500135701
24.523000000001048,3.51678,-0.0,3.5149611683591804
24.62999999999738,3.51678,-0.0,3.5150988188547605
24.730999999999767,3.51678,-0.0,3.515227931067936
24.828999999997905,3.51743,-0.0,3.515352452160828
24.925999999999476,3.51743,-0.0,3.515474973673754
25.02799999999843,3.51743,-0.0,3.5156030331706405
25.12898999999743,3.51743,-0.0,3.515729044095984
25.222999999998137,3.51743,-0.0,3.515845651887936
25.330000000001746,3.51807,-0.0,3.5159775631431716
25.422999999995227,3.51807,-0.0,3.516091519501216
25.528999999994994,3.51807,-0.0,3.516220621387375
25.622999999999593,3.51871,-0.0,3.51633441349456
25.729999999995925,3.51871,-0.0,3.5164631532714665
25.82600000000093,3.51871,-0.0,3.516577946996453
25.924999999995634,3.51871,-0.0,3.516695627882894
26.0309999999954,3.51871,-0.0,3.516820846345062
26.125,3.51871,-0.0,3.5169312155510633
26.223999999994703,3.51936,-0.0,3.517046775017586
26.32499000000098,3.51936,-0.0,3.51716394236273
26.430999999996857,3.51936,-0.0,3.5172861618244173
26.52599999999802,3.51936,-0.0,3.5173950200799537
26.625999999996566,3.51936,-0.0,3.517508930017074
26.724999999998545,3.51936,-0.0,3.5176210202391474
26.82499999999709,3.51936,-0.0,3.517733559351277
26.92399999999907,3.52,-0.0,3.517844300647335
27.029999999998836,3.52,-0.0,3.517962135031569
27.12399000000005,3.52,-0.0,3.5180659847963143
27.222999999998137,3.52,-0.0,3.518174740789112
27.325989999997546,3.52,-0.0,3.518287175537108
27.42399999999907,3.52,-0.0,3.51839352133359
27.52599999999802,3.52064,-0.0,3.5185035251511128
27.62399999999616,3.52064,-0.0,3.5186085740082977
27.730999999999767,3.52064,-0.0,3.518722557203134
27.82800000000134,3.52064,-0.0,3.5188252484731355
27.922999999995227,3.52064,-0.0,3.5189252366813646
28.02799999999843,3.52064,-0.0,3.5190350796694396
28.13300000000163,3.52129,-0.0,3.5191442231877965
28.22899999999936,3.52129,-0.0,3.5192434032270463
28.32800000000134,3.52129,-0.0,3.5193450777300668
28.424999999995634,3.52129,-0.0,3.519444105988635
28.521990000001097,3.52129,-0.0,3.5195425414298196
28.62999999999738,3.52129,-0.0,3.51965147966067
28.73399999999674,3.52193,-0.0,3.5197556990899432
28.830000000001746,3.52193,-0.0,3.519851318090934
28.926999999996042,3.52193,-0.0,3.5199473675493738
29.023999999997613,3.52193,-0.0,3.520042851837279
29.12199999999575,3.52193,-0.0,3.520138749947668
29.230999999999767,3.52193,-0.0,3.5202447426267898
29.322000000000116,3.52193,-0.0,3.5203326951387837
29.426999999996042,3.52193,-0.0,3.520433575565037
29.523999999997613,3.52193,-0.0,3.520526198926371
29.622989999996207,3.52193,-0.0,3.5206201606243215
29.72899999999936,3.52193,-0.0,3.5207201601939153
29.82998999999836,3.52257,-0.0,3.5208148263720256
29.92399999999907,3.52257,-0.0,3.52090242841107
30.02799999999843,3.52257,-0.0,3.5209987575436474
30.12999999999738,3.52257,-0.0,3.5210926439921355
30.231999999996333,3.52257,-0.0,3.5211859496093996
30.328999999997905,3.52257,-0.0,3.521274145880218
30.425999999999476,3.52257,-0.0,3.52136182318992
30.527000000001863,3.52257,-0.0,3.5214525678452753
30.62399999999616,3.52257,-0.0,3.5215391952912825
30.730999999999767,3.52322,-0.0,3.521634162258705
30.82499999999709,3.52322,-0.0,3.521717082581528
30.924999999995634,3.52322,-0.0,3.5218047766464613
31.03299999999581,3.52322,-0.0,3.5218988888847402
31.131999999997788,3.52322,-0.0,3.521984616878814
31.230999999999767,3.52322,-0.0,3.522069830066031
31.330000000001746,3.52322,-0.0,3.5221545315378684
31.424999999995634,3.52322,-0.0,3.522235332458443
31.531999999999243,3.52322,-0.0,3.522325782328157
31.627000000000407,3.52386,-0.0,3.52240559629806
31.723999999994703,3.52386,-0.0,3.522486615970572
31.82800000000134,3.52386,-0.0,3.5225729529193326
31.93000000000029,3.52386,-0.0,3.522657100562678
32.02599999999802,3.52386,-0.0,3.5227358227380727
32.125999999996566,3.52386,-0.0,3.522817337539813
32.224999999998545,3.52386,-0.0,3.522897550139875
32.333989999999176,3.52386,-0.0,3.5229852999846987
32.425999999999476,3.52386,-0.0,3.523058927309349
32.525000000001455,3.5245,-0.0,3.523137689133953
32.625,3.5245,-0.0,3.523216766377683
32.729999999995925,3.5245,-0.0,3.52329928131214
32.8269999999975,3.5245,-0.0,3.523375042397551
32.92899999999645,3.5245,-0.0,3.5234542278911807
33.02599000000191,3.5245,-0.0,3.523529069552189
33.13199999999779,3.5245,-0.0,3.523610367859988
33.22200000000157,3.5245,-0.0,3.5236789778583466
33.330000000001746,3.5245,-0.0,3.5237608154878646
33.42199999999866,3.5245,-0.0,3.5238301061359802
33.52799999999843,3.5245,-0.0,3.523909461629102
33.62999000000127,3.52515,-0.0,3.5239853335066385
33.72599999999511,3.52515,-0.0,3.5240563278550265
33.822000000000116,3.52515,-0.0,3.5241269013823544
33.93000000000029,3.52515,-0.0,3.5242058054495757
34.02599999999802,3.52515,-0.0,3.52427550846764
34.12799999999697,3.52515,-0.0,3.5243491232019277
34.224999999998545,3.52515,-0.0,3.5244187068479276
34.33199999999488,3.52515,-0.0,3.5244949892289337
34.427999999999884,3.52515,-0.0,3.524563008134022
34.52599999999802,3.52515,-0.0,3.524632035531311
34.62299999999959,3.52515,-0.0,3.524699954475426
34.73099999999977,3.52579,-0.0,3.5247751054757552
34.828999999997905,3.52579,-0.0,3.5248428720301788
34.927999999999884,3.52579,-0.0,3.5249109210533907
35.0309999999954,3.52579,-0.0,3.5249812858249245
35.12700000000041,3.52579,-0.0,3.525046472695617
35.23099999999977,3.52579,-0.0,3.52511666347607
35.3269999999975,3.52579,-0.0,3.5251810619510175
35.43099999999686,3.52579,-0.0,3.5252504038164716
35.52498999999807,3.52579,-0.0,3.5253126952001868
35.62700000000041,3.52579,-0.0,3.5253798999164405
35.73199000000022,3.52579,-0.0,3.5254486336961133
35.83199999999488,3.52644,-0.0,3.525513700176837
35.93000000000029,3.52644,-0.0,3.525577076049836
36.028999999994994,3.52644,-0.0,3.525640716090101
36.12799999999697,3.52644,-0.0,3.5257039739643186
36.228989999995974,3.52644,-0.0,3.5257681119999416
36.32398999999714,3.52644,-0.0,3.5258280871732217
36.427999999999884,3.52644,-0.0,3.5258933542146815
36.52599000000191,3.52644,-0.0,3.5259544669621037
36.62299999999959,3.52644,-0.0,3.5260146106873442
36.725989999999,3.52644,-0.0,3.5260780745765126
36.82499999999709,3.52644,-0.0,3.526138712166677
36.93000000000029,3.52644,-0.0,3.5262026204278034
37.02700000000186,3.52644,-0.0,3.5262612977964656
37.125,3.52644,-0.0,3.5263202294688982
37.229989999999816,3.52708,-0.0,3.526382975887728
37.32800000000134,3.52708,-0.0,3.526441190149349
37.43099999999686,3.52708,-0.0,3.5265019953431906
37.52599999999802,3.52708,-0.0,3.526557741008033
37.62299999999959,3.52708,-0.0,3.5266143287897878
37.73099999999977,3.52708,-0.0,3.5266769420777404
37.828999999997905,3.52708,-0.0,3.526733402893526
37.9320000000007,3.52708,-0.0,3.5267923826369088
38.028989999998885,3.52708,-0.0,3.526847584074703
38.125999999996566,3.52708,-0.0,3.5269024720142794
38.23098999999638,3.52708,-0.0,3.5269615111198505
38.32600000000093,3.52708,-0.0,3.527014614081469
38.43099000000075,3.52708,-0.0,3.5270729391447975
38.52700000000186,3.52708,-0.0,3.527125950407072
38.62799999999697,3.52708,-0.0,3.5271813836571537
38.72599999999511,3.52772,-0.0,3.5272348457481018
38.82798999999795,3.52772,-0.0,3.527290147051441
38.92699999999604,3.52772,-0.0,3.527343505268437
39.021999999997206,3.52772,-0.0,3.5273944011525047
39.13100000000122,3.52772,-0.0,3.527452436237628
39.2239999999947,3.52772,-0.0,3.5275016490474487
39.3269999999975,3.52772,-0.0,3.5275558295638096
39.43198999999731,3.52772,-0.0,3.5276107085455193
39.52300000000105,3.52772,-0.0,3.5276579972710724
39.62799999999697,3.52772,-0.0,3.5277122308689104
39.7239999999947,3.52772,-0.0,3.527761513597226
39.83299999999872,3.52772,-0.0,3.527817122183462
39.92699999999604,3.52772,-0.0,3.5278647829580523
40.02799999999843,3.52772,-0.0,3.5279156900735384
40.125,3.52772,-0.0,3.527964287463448
40.22799999999552,3.52772,-0.0,3.5280155778816567
40.32800000000134,3.52837,-0.0,3.528065067837399
40.424999999995634,3.52837,-0.0,3.528112786264392
40.5329899999997,3.52837,-0.0,3.5281655809097487
40.625,3.52837,-0.0,3.528210290313399
40.72298999999475,3.52837,-0.0,3.52825763110534
40.82800000000134,3.52837,-0.0,3.5283080510779885
40.92899999999645,3.52837,-0.0,3.528356242705135
41.0309999999954,3.52837,-0.0,3.528404611859241
41.12399999999616,3.52837,-0.0,3.5284484523021753
41.224999999998545,3.52837,-0.0,3.52849578382261
41.33199999999488,3.52837,-0.0,3.5285456108498043
41.43000000000029,3.52837,-0.0,3.5285909630978454
41.528999999994994,3.52837,-0.0,3.5286365043859553
41.625,3.52837,-0.0,3.5286804044436715
41.728989999995974,3.52837,-0.0,3.528727669850494
41.82600000000093,3.52837,-0.0,3.528771493924285
41.93000000000029,3.52837,-0.0,3.528818189319588
42.02799999999843,3.52901,-0.0,3.528861921186077
42.125,3.52901,-0.0,3.52890495079914
42.22899999999936,3.52901,-0.0,3.5289508044218776
42.328999999997905,3.52901,-0.0,3.5289946216740318
42.42899999999645,3.52901,-0.0,3.5290381731485674
42.52399999999761,3.52901,-0.0,3.5290793023412883
42.62298999999621,3.52901,-0.0,3.529121906802875
42.72899999999936,3.52901,-0.0,3.5291672489786166
42.8269999999975,3.52901,-0.0,3.529208905810232
42.92699999999604,3.52901,-0.0,3.529251157524404
43.02399999999761,3.52901,-0.0,3.5292918968079237
43.125999999996566,3.52901,-0.0,3.5293344775109072
43.23099999999977,3.52901,-0.0,3.5293780354417685
43.32299999999668,3.52901,-0.0,3.529415972439349
43.42699999999604,3.52901,-0.0,3.529458602818641
43.52399999999761,3.52901,-0.0,3.5294981214605112
43.63100000000122,3.52901,-0.0,3.5295414445151287
43.72799999999552,3.52901,-0.0,3.52958047570306
43.830000000001746,3.52965,-0.0,3.52962127110438
43.92899999999645,3.52901,-0.0,3.5296606252696954
44.025000000001455,3.52965,-0.0,3.5296985611779768
44.13199999999779,3.52965,-0.0,3.52974058361853
44.22299999999814,3.52965,-0.0,3.5297761076970637
44.33199999999488,3.52965,-0.0,3.529818400443935
44.42899999999645,3.52965,-0.0,3.529855801978408
44.52399999999761,3.52965,-0.0,3.529892219021621
44.62700000000041,3.52965,-0.0,3.529931465668209
44.72799999999552,3.52965,-0.0,3.52996971215564
44.824000000000524,3.52965,-0.0,3.5300058480416725
44.93000000000029,3.52965,-0.0,3.5300455036646965
45.02698999999848,3.52965,-0.0,3.5300815651799957
45.12399999999616,3.52965,-0.0,3.5301174218959055
45.22698999999557,3.52965,-0.0,3.530155258039831
45.32800000000134,3.52965,-0.0,3.53019213720098
45.42699999999604,3.52965,-0.0,3.5302280632471152
45.52799999999843,3.52965,-0.0,3.5302644927591573
45.62999999999738,3.52965,-0.0,3.530301056469207
45.72599999999511,3.52965,-0.0,3.530335262712914
45.83199999999488,3.52965,-0.0,3.530372800741023
45.92699999999604,3.52965,-0.0,3.530406238222636
46.02300000000105,3.52965,-0.0,3.530439831921767
46.13199999999779,3.52965,-0.0,3.5304777376582934
46.22798999999941,3.52965,-0.0,3.530510911521902
46.3269999999975,3.52965,-0.0,3.530544926715314
46.427999999999884,3.52965,-0.0,3.5305794151018537
46.52700000000186,3.5303,-0.0,3.530613015497882
46.625999999996566,3.5303,-0.0,3.530646414119511
46.72899999999936,3.5303,-0.0,3.5306809493159017
46.82600000000093,3.5303,-0.0,3.530713275473361
46.925999999999476,3.5303,-0.0,3.5307464022933894
47.02300000000105,3.5303,-0.0,3.5307783433149473
47.12799999999697,3.5303,-0.0,3.5308127068454653
47.22599999999511,3.5303,-0.0,3.5308445820183603
47.32299999999668,3.5303,-0.0,3.5308759453345435
47.424999999995634,3.5303,-0.0,3.530908726275581
47.53098999999929,3.5303,-0.0,3.5309425746922583
47.625,3.5303,-0.0,3.5309724151226964
47.72699999999895,3.5303,-0.0,3.5310045992506045
47.824000000000524,3.5303,-0.0,3.5310350209995227
47.924999999995634,3.5303,-0.0,3.531066507037701
48.025000000001455,3.5303,-0.0,3.5310974912988167
48.125,3.5303,-0.0,3.5311282876220123
48.22899999999936,3.5303,-0.0,3.531160117658905
48.32998999999836,3.5303,-0.0,3.5311908343148755
48.425999999999476,3.5303,-0.0,3.5312198617941957
48.52799999999843,3.5303,-0.0,3.531250515086126
48.63100000000122,3.5303,-0.0,3.531281276469049
48.73199999999633,3.5303,-0.0,3.5313112539307583
48.82600000000093,3.5303,-0.0,3.5313389887300293
48.925999999999476,3.5303,-0.0,3.5313683202280886
49.03499999999622,3.53094,-0.0,3.531400088946177
49.12399999999616,3.53094,-0.0,3.5314258727555603
49.229999999995925,3.53094,-0.0,3.5314563999536053
49.32299999999668,3.53094,-0.0,3.5314830215926327
49.43000000000029,3.53094,-0.0,3.531513465019123
49.52599000000191,3.53094,-0.0,3.5315406077673943
49.62799999999697,3.53094,-0.0,3.531569279557072
49.729999999995925,3.53094,-0.0,3.5315977711659237
49.828999999997905,3.53094,-0.0,3.531625256212001
49.924999999995634,3.53094,-0.0,3.531651750743865
50.02298999999766,3.53094,-0.0,3.531678635365329
50.12399999999616,3.53094,-0.0,3.5317061813001707
50.23099999999977,3.53094,-0.0,3.531735176687035
50.32499000000098,3.53094,-0.0,3.531760491297555
50.43000000000029,3.53094,-0.0,3.5317886032715133
50.528999999994994,3.53094,-0.0,3.5318149423479728
50.625999999996566,3.53094,-0.0,3.531840595907095
50.72599999999511,3.53094,-0.0,3.5318668848601575
50.833989999999176,3.53094,-0.0,3.531895095251407
50.92399999999907,3.53094,-0.0,3.5319184674861215
51.02700000000186,3.53094,-0.0,3.5319450561762284
51.13100000000122,3.53094,-0.0,3.5319717344863037
51.22799999999552,3.53158,-0.0,3.5319964654551335
51.32299999999668,3.53158,-0.0,3.5320205454500675
51.427999999999884,3.53158,-0.0,3.5320469987553427
51.529999999998836,3.53158,-0.0,3.5320725349405815
51.62999999999738,3.53158,-0.0,3.5320974170458586
51.724999999998545,3.53158,-0.0,3.5321209152376922
51.82299999999668,3.53158,-0.0,3.5321450135794166
51.92699999999604,3.53158,-0.0,3.5321704306681694
52.02700000000186,3.53158,-0.0,3.5321947189778053
52.13100000000122,3.53158,-0.0,3.5322198225522428
52.22498999999516,3.53158,-0.0,3.532242373667324
52.32299999999668,3.53158,-0.0,3.532265752360343
52.427999999999884,3.53158,-0.0,3.532290644211297
52.525000000001455,3.53158,-0.0,3.5323134986637474
52.629000000000815,3.53158,-0.0,3.5323378530412546
52.72799999999552,3.53158,-0.0,3.532360893807162
52.82600000000093,3.53158,-0.0,3.5323835655620917
52.927999999999884,3.53158,-0.0,3.5324070195670627
53.023990000001504,3.53158,-0.0,3.5324289590825693
53.12700000000041,3.53158,-0.0,3.5324523610008254
53.229999999995925,3.53158,-0.0,3.532475614462802
53.33099999999831,3.53158,-0.0,3.53249827533497
53.43000000000029,3.53158,-0.0,3.53252035274582
53.52798999999504,3.53158,-0.0,3.5325420743642524
53.625999999996566,3.53158,-0.0,3.5325636712625244
53.72699999999895,3.53158,-0.0,3.532585792693208
53.83299999999872,3.53158,-0.0,3.532608863512481
53.92199999999866,3.53158,-0.0,3.532628119718252
54.02700000000186,3.53158,-0.0,3.532650704048278
54.12299999999959,3.53158,-0.0,3.532671226702964
54.22799999999552,3.53158,-0.0,3.5326935365318035
54.328999999997905,3.53223,-0.0,3.5327148623996933
54.427999999999884,3.53223,-0.0,3.5327356391793177
54.52300000000105,3.53223,-0.0,3.5327554591763493
54.62399999999616,3.53223,-0.0,3.5327764057022284
54.72599999999511,3.53223,-0.0,3.5327974293903304
54.83099999999831,3.53223,-0.0,3.5328189355724415
54.927999999999884,3.53223,-0.0,3.5328386814731125
55.025000000001455,3.53223,-0.0,3.5328583111857115
55.12299999999959,3.53223,-0.0,3.532878025972165
55.229999999995925,3.53223,-0.0,3.5328994174885087
55.330000000001746,3.53223,-0.0,3.532919284060768
55.425999999999476,3.53223,-0.0,3.53293824259216
55.52399999999761,3.53223,-0.0,3.53295748221498
55.62700000000041,3.53223,-0.0,3.53297758018914
55.72298999999475,3.53223,-0.0,3.5329961972888735
55.82600000000093,3.53223,-0.0,3.5330160553320495
55.93000000000029,3.53223,-0.0,3.533035978368499
56.0309999999954,3.53223,-0.0,3.5330552064161935
56.129000000000815,3.53223,-0.0,3.5330737507308987
56.22698999999557,3.53223,-0.0,3.533092182930855
56.324000000000524,3.53223,-0.0,3.533110322864284
56.42299999999523,3.53223,-0.0,3.533128724856524
56.52799999999843,3.53223,-0.0,3.533148121380564
56.62999999999738,3.53223,-0.0,3.533166845438889
56.724999999998545,3.53223,-0.0,3.533184180312733
56.8269999999975,3.53223,-0.0,3.5332026812914332
56.92598999999609,3.53223,-0.0,3.533220526862932
57.025000000001455,3.53223,-0.0,3.533238268853531
57.12299999999959,3.53223,-0.0,3.533255724927495
57.23199999999633,3.53223,-0.0,3.5332750184885335
57.32499999999709,3.53223,-0.0,3.533291379115011
57.4279899999965,3.53223,-0.0,3.533309389494872
57.52298999999766,3.53223,-0.0,3.5333259028603754
57.625,3.53223,-0.0,3.5333435287909505
57.73099999999977,3.53223,-0.0,3.5333617286125185
57.828999999997905,3.53223,-0.0,3.533378450762356
57.924989999999525,3.53223,-0.0,3.5333947335637474
58.02300000000105,3.53223,-0.0,3.533411261192249
58.12299999999959,3.53223,-0.0,3.5334280231289044
58.22799999999552,3.53223,-0.0,3.533445513749964
58.33199999999488,3.53287,-0.0,3.533462727998915
58.42399999999907,3.53287,-0.0,3.5334778654579284
58.525000000001455,3.53287,-0.0,3.533494386477568
58.62999999999738,3.53287,-0.0,3.5335114545031243
58.72699999999895,3.53287,-0.0,3.5335271255104455
58.825989999997546,3.53287,-0.0,3.5335430229518177
58.92399999999907,3.53287,-0.0,3.5335586689632406
59.029999999998836,3.53287,-0.0,3.533575485787102
59.12399999999616,3.53287,-0.0,3.53359030835771
59.22200000000157,3.53287,-0.0,3.533605671682687
59.32600000000093,3.53287,-0.0,3.5336218757434854
59.43099999999686,3.53287,-0.0,3.5336381319295023
59.52399999999761,3.53287,-0.0,3.5336524437967136
59.62399999999616,3.53287,-0.0,3.5336677428178445
59.73199000000022,3.53287,-0.0,3.5336841600319806
59.82800000000134,3.53287,-0.0,3.5336986656790628
59.92698999999993,3.53287,-0.0,3.5337135331049474
60.02599999999802,3.53287,-0.0,3.5337283142359555
60.125999999996566,3.53287,-0.0,3.5337431530578787
60.22299999999814,3.53287,-0.0,3.5337574607134443
60.328990000001795,3.53287,-0.0,3.5337729981718695
60.42699999999604,3.53287,-0.0,3.533787276923744
60.53199999999924,3.53287,-0.0,3.5338024798507517
60.625,3.53287,-0.0,3.533815864433846
60.724999999998545,3.53287,-0.0,3.5338301722118994
60.82800000000134,3.53287,-0.0,3.533844818499262
60.924999999995634,3.53287,-0.0,3.5338585279389325
61.02300000000105,3.53287,-0.0,3.5338722967943954
61.12999999999738,3.53287,-0.0,3.533887236682146
61.22298999999475,3.53287,-0.0,3.533900141666244
61.32800000000134,3.53287,-0.0,3.5339146272563355
61.42299999999523,3.53287,-0.0,3.5339276525222068
61.5309999999954,3.53287,-0.0,3.533942369038464
61.629000000000815,3.53287,-0.0,3.5339556394885654
61.72799999999552,3.53287,-0.0,3.533968965253385
61.828999999997905,3.53287,-0.0,3.53398247776484
61.925999999999476,3.53287,-0.0,3.533995377195138
62.025000000001455,3.53287,-0.0,3.534008464330278
62.125,3.53287,-0.0,3.5340216038757415
62.23099999999977,3.53287,-0.0,3.534035444788988
62.32800000000134,3.53287,-0.0,3.5340480325527523
62.42199999999866,3.53351,-0.0,3.534060160332244
62.52799999999843,3.53351,-0.0,3.5340737533908464
62.62799999999697,3.53351,-0.0,3.5340864969194397
62.72899999999936,3.53351,-0.0,3.5340992894245287
62.8269999999975,3.53351,-0.0,3.534111627039038
62.92899999999645,3.53351,-0.0,3.5341243903417876
63.02399999999761,3.53351,-0.0,3.5341362067033457
63.129000000000815,3.53351,-0.0,3.5341491876786484
63.229989999999816,3.53351,-0.0,3.5341615949114202
63.32600000000093,3.53351,-0.0,3.5341733198431005
63.42299999999523,3.53351,-0.0,3.5341850963277546
63.52300000000105,3.53351,-0.0,3.534197164495406
63.629000000000815,3.53351,-0.0,3.5342098768424175
63.7239999999947,3.53351,-0.0,3.534221200529111
63.828999999997905,3.53351,-0.0,3.5342336402718018
63.925999999999476,3.53351,-0.0,3.534245061821302
64.02700000000186,3.53351,-0.0,3.534256882947846
64.12299999999959,3.53351,-0.0,3.5342680517351046
64.22899999999936,3.53351,-0.0,3.5342803083936736
64.33000000000175,3.53351,-0.0,3.5342919135975017
64.42399999999907,3.53351,-0.0,3.5343026505972435
64.52599000000191,3.53351,-0.0,3.5343142309953106
64.62299999999959,3.53351,-0.0,3.5343251794612285
64.72899999999936,3.53351,-0.0,3.534337068882413
64.82600000000093,3.53351,-0.0,3.5343478818412466
64.92499999999563,3.53351,-0.0,3.53435885214383
65.0309999999954,3.53351,-0.0,3.534370525105009
65.12700000000041,3.53351,-0.0,3.5343810320770292
65.22299999999814,3.53351,-0.0,3.534391477859835
65.32299999999668,3.53351,-0.0,3.5344022942011035
65.42399999999907,3.53351,-0.0,3.534413152112216
65.5309999999954,3.53351,-0.0,3.5344245824957596
65.63100000000122,3.53351,-0.0,3.5344351980377797
65.72499999999854,3.53351,-0.0,3.5344451179297454
65.83000000000175,3.53351,-0.0,3.5344561317876906
65.92398999999568,3.53351,-0.0,3.534465931261189
66.02300000000105,3.53351,-0.0,3.5344761936962756
66.13098999999784,3.53351,-0.0,3.5344873166536614
66.22499999999854,3.53351,-0.0,3.534496940349707
66.32598999999755,3.53351,-0.0,3.5345072174380587
66.42299999999523,3.53351,-0.0,3.5345170302238236
66.5309999999954,3.53351,-0.0,3.5345278867592778
66.62999999999738,3.53351,-0.0,3.5345377761108017
66.72298999999475,3.53416,-0.0,3.534547011013803
66.82800000000134,3.53416,-0.0,3.5345573770102585
66.92399999999907,3.53416,-0.0,3.5345667958170983
67.02399999999761,3.53416,-0.0,3.5345765487509873
67.12399999999616,3.53416,-0.0,3.534586242527548
67.22799999999552,3.53416,-0.0,3.5345962616867705
67.32800000000134,3.53416,-0.0,3.534605835892686
67.4320000000007,3.53416,-0.0,3.5346157314677376
67.52399999999761,3.53416,-0.0,3.534624433204431
67.62999999999738,3.53416,-0.0,3.5346343989158955
67.72499999999854,3.53416,-0.0,3.534643276001631
67.83000000000175,3.53416,-0.0,3.53465302800779
67.92499999999563,3.53416,-0.0,3.5346617977305463
68.028999999995,3.53416,-0.0,3.5346713403291035
68.125,3.53416,-0.0,3.5346800954503634
68.22799999999552,3.53416,-0.0,3.534689432274669
68.3269999999975,3.53416,-0.0,3.534698351526054
68.4279899999965,3.53416,-0.0,3.5347073948786822
68.52700000000186,3.53416,-0.0,3.5347162071498426
68.62900000000081,3.53416,-0.0,3.534725230200281
68.72599999999511,3.53416,-0.0,3.5347337591551646
68.8289999999979,3.53416,-0.0,3.5347427607427755
68.93000000000029,3.53416,-0.0,3.534751532934475
69.02700000000186,3.53416,-0.0,3.534759907119819
69.12399999999616,3.53416,-0.0,3.534768232030102
69.22899999999936,3.53416,-0.0,3.5347771883281363
69.33000000000175,3.53416,-0.0,3.5347857496142865
69.42599999999948,3.53416,-0.0,3.5347938384528006
69.52799999999843,3.53416,-0.0,3.5348023812349423
69.63100000000122,3.53416,-0.0,3.5348109541410193
69.73098999999638,3.53416,-0.0,3.5348192252851964
69.82600000000093,3.53416,-0.0,3.534827038001557
69.9320000000007,3.53416,-0.0,3.5348357012971743
70.02599000000191,3.53416,-0.0,3.5348433364303116
70.12399999999616,3.53416,-0.0,3.5348512517565873
70.22499999999854,3.53416,-0.0,3.5348593593255244
70.32299999999668,3.53416,-0.0,3.5348671785962185
70.42399999999907,3.53416,-0.0,3.534875188596336
70.528999999995,3.53416,-0.0,3.534883463805112
70.62399999999616,3.53416,-0.0,3.534890905482808
70.72498999999516,3.53416,-0.0,3.53489876935424
70.83000000000175,3.53416,-0.0,3.5349068951743345
70.93198999999731,3.53416,-0.0,3.534914737761231
71.02999999999884,3.5348,-0.0,3.53492222858894
71.12999999999738,3.53416,-0.0,3.534929825612285
71.22599999999511,3.5348,-0.0,3.5349370753986955
71.32499999999709,3.53416,-0.0,3.5349445075235044
71.42899000000034,3.5348,-0.0,3.5349522662004382
71.5239900000015,3.5348,-0.0,3.534959311356924
71.62999999999738,3.5348,-0.0,3.534967125086969
71.7239999999947,3.5348,-0.0,3.5349740115600423
71.83199999999488,3.5348,-0.0,3.5349818752113396
71.9320000000007,3.5348,-0.0,3.534989110442548
72.02700000000186,3.5348,-0.0,3.534995943258702
72.12399999999616,3.5348,-0.0,3.5350028792941828
72.23099999999977,3.5348,-0.0,3.5350104830535676
72.3269999999975,3.5348,-0.0,3.5350172631170764
72.4299899999969,3.5348,-0.0,3.5350244929581134
72.52500000000146,3.5348,-0.0,3.5350311225539057
72.62999999999738,3.5348,-0.0,3.5350384047900465
72.72599999999511,3.5348,-0.0,3.5350450222463756
72.82200000000012,3.5348,-0.0,3.5350516011647755
72.92299999999523,3.5348,-0.0,3.5350584813806574
73.02799999999843,3.5348,-0.0,3.5350655893983873
73.125,3.5348,-0.0,3.535072115624723
73.22799999999552,3.5348,-0.0,3.5350790035024198
73.32600000000093,3.5348,-0.0,3.535085517067012
73.42499999999563,3.5348,-0.0,3.53509205778185
73.528999999995,3.5348,-0.0,3.5350988865366464
73.62900000000081,3.5348,-0.0,3.535105412024776
73.73199999999633,3.5348,-0.0,3.5351120919001517
73.83000000000175,3.5348,-0.0,3.535118408766049
73.92599999999948,3.5348,-0.0,3.535124560305048
74.0309999999954,3.5348,-0.0,3.5351312475384615
74.13100000000122,3.5348,-0.0,3.5351375767379234
74.22998999999982,3.5348,-0.0,3.5351438042010046
74.32499999999709,3.5348,-0.0,3.5351497461113786
74.4340000000011,3.5348,-0.0,3.5351565207824667
74.528999999995,3.5348,-0.0,3.5351623887811847
74.62599999999657,3.5348,-0.0,3.535168345424302
74.73099999999977,3.5348,-0.0,3.5351747538382345
74.82600000000093,3.5348,-0.0,3.5351805167564057
74.92599999999948,3.5348,-0.0,3.535186547108842
75.03199999999924,3.5348,-0.0,3.535192899351783
75.12599999999657,3.5348,-0.0,3.5351984983025893
75.22999999999593,3.5348,-0.0,3.5352046556891232
75.32299999999668,3.5348,-0.0,3.5352101289133495
75.42899999999645,3.5348,-0.0,3.5352163295640464
75.52700000000186,3.5348,-0.0,3.5352220267742998
75.63199999999779,3.5348,-0.0,3.5352280933504923
75.72599999999511,3.5348,-0.0,3.5352334916005805
75.82299999999668,3.5348,-0.0,3.535239029863213
75.93099999999686,3.5348,-0.0,3.535245157843887
76.02298999999766,3.5348,-0.0,3.5352503457474302
76.12599999999657,3.5348,-0.0,3.5352561207819795
76.22799999999552,3.5348,-0.0,3.5352618036411436
76.32499000000098,3.5348,-0.0,3.5352671747590048
76.42599999999948,3.5348,-0.0,3.5352727349062776
76.5219999999972,3.5348,-0.0,3.535277987699653
76.63100000000122,3.5348,-0.0,3.535283914733796
76.72599999999511,3.5348,-0.0,3.53528904853709
76.82299999999668,3.53544,-0.0,3.5352942598937265
76.92599999999948,3.53544,-0.0,3.535299760038113
77.0239900000015,3.53544,-0.0,3.535304960754868
77.12299999999959,3.53544,-0.0,3.5353101842100987
77.22499999999854,3.53544,-0.0,3.535315532604304
77.33499999999913,3.53544,-0.0,3.5353212634039437
77.4320000000007,3.53544,-0.0,3.5353262852030953
77.528999999995,3.53544,-0.0,3.5353312774531678
77.62599999999657,3.53544,-0.0,3.535336240328035
77.72899999999936,3.53544,-0.0,3.5353414782210146
77.82299000000057,3.53544,-0.0,3.5353462293674687
77.92699999999604,3.53544,-0.0,3.535351455448569
78.02700000000186,3.53544,-0.0,3.535356448956466
78.12299999999959,3.53544,-0.0,3.5353612142262363
78.22299999999814,3.53544,-0.0,3.535366148541359
78.33299999999872,3.53544,-0.0,3.535371541726366
78.43099999999686,3.53544,-0.0,3.5353763162558067
78.52500000000146,3.53544,-0.0,3.535380869235549
78.62799999999697,3.53544,-0.0,3.5353858283321324
78.72699999999895,3.53544,-0.0,3.5353905656419093
78.83000000000175,3.53544,-0.0,3.5353954641651275
78.92199999999866,3.53544,-0.0,3.535399813665892
79.02300000000105,3.53544,-0.0,3.5354045607101274
79.03199999999924,3.53544,-0.0,3.535404982300306
80.03899999999703,3.53544,-0.0,3.5354507250854685
81.03899999999703,3.53544,-0.0,3.5354934594215424
82.03800000000047,3.53544,-0.0,3.535533632283727
83.03899999999703,3.53609,-0.0,3.5355715095720783
84.03800000000047,3.53609,-0.0,3.535607079851031
85.04099999999744,3.53609,-0.0,3.535640682543518
86.04400000000169,3.53609,-0.0,3.5356722960054614
87.03800000000047,3.53609,-0.0,3.5357017791082925
88.04299999999785,3.53609,-0.0,3.5357298298789086
89.03800000000047,3.53673,-0.0,3.5357559621842656
90.04000000000087,3.53673,-0.0,3.5357807272898314
91.04000000000087,3.53673,-0.0,3.535803982647277
92.04099999999744,3.53673,-0.0,3.5358258865381655
93.03699000000051,3.53673,-0.0,3.5358463962005873
94.03899999999703,3.53673,-0.0,3.5358658131082974
95.04599999999482,3.53673,-0.0,3.5358841698825123
96.04498999999487,3.53673,-0.0,3.5359013025533987
97.04699999999866,3.53673,-0.0,3.5359174721962927
98.04200000000128,3.53737,-0.0,3.535932582293771
99.03899999999703,3.53737,-0.0,3.535946832545939
100.04400000000169,3.53737,-0.0,3.5359603484578015
101.04000000000087,3.53737,-0.0,3.5359729522565
102.04899999999907,3.53737,-0.0,3.535984965111169
103.04400000000169,3.53737,-0.0,3.535996110639522
104.04099999999744,3.53737,-0.0,3.5360066219277386
105.04099999999744,3.53737,-0.0,3.536016543444483
106.04200000000128,3.53737,-0.0,3.5360258883801916
107.04000000000087,3.53737,-0.0,3.536034655619063
108.03899000000092,3.53737,-0.0,3.5360429142980565
109.04400000000169,3.53802,-0.0,3.5360507313867333
110.04699999999866,3.53802,-0.0,3.5360580705532803
111.03699999999662,3.53802,-0.0,3.5360648884276933
112.04599999999482,3.53802,-0.0,3.5360714272264615
113.03800000000047,3.53802,-0.0,3.536077476179828
114.04000000000087,3.53802,-0.0,3.536083226527954
115.03899999999703,3.53802,-0.0,3.536088621081882
116.03598999999667,3.53802,-0.0,3.5360936876141156
117.04699999999866,3.53802,-0.0,3.536098520971423
118.03798999999708,3.53802,-0.0,3.536102978671689
119.04299999999785,3.53802,-0.0,3.5361072331267653
120.04400000000169,3.53866,-0.0,3.5361112197477236
121.04599999999482,3.53866,-0.0,3.5361149744571914
122.04498999999487,3.53866,-0.0,3.5361184968154227
123.04598999999871,3.53866,-0.0,3.5361218179319094
124.03899999999703,3.53866,-0.0,3.5361249186263475
125.04400000000169,3.53866,-0.0,3.536127871715465
126.04698999999528,3.53866,-0.0,3.536130644259888
127.04400000000169,3.53866,-0.0,3.5361332375904113
128.04499999999825,3.53866,-0.0,3.5361356877620445
129.0440000000017,3.53866,-0.0,3.5361379886999487
130.04499999999825,3.53866,-0.0,3.5361401581567344
131.04099999999744,3.53866,-0.0,3.536142189542842
132.04000000000087,3.53866,-0.0,3.536144107073577
133.04299999999785,3.5393,-0.0,3.5361459185352104
134.03699999999662,3.5393,-0.0,3.5361476079265755
135.04498999999487,3.5393,-0.0,3.5361492198816826
136.04499999999825,3.5393,-0.0,3.5361507243101604
137.0399899999975,3.5393,-0.0,3.5361521330427212
138.03800000000047,3.5393,-0.0,3.536153462930089
