pulse_id,time_s,current_a,voltage_measured_v,voltage_fitted_v,error_v
17,0.0,0.0,3.94528,3.6566323504265466,-0.28864764957345335
17,0.9969999999993888,0.0,3.94528,3.6566323504265466,-0.28864764957345335
17,1.9969999999993888,0.0,3.94528,3.6566323504265466,-0.28864764957345335
17,2.99199999999837,0.0,3.94528,3.6566323504265466,-0.28864764957345335
17,3.9939899999990303,0.0,3.94528,3.6566323504265466,-0.28864764957345335
17,4.99199999999837,0.0,3.94528,3.6566323504265466,-0.28864764957345335
17,5.994999999998981,0.0,3.94528,3.6566323504265466,-0.28864764957345335
17,5.994999999998981,0.0,3.94528,3.6566323504265466,-0.28864764957345335
17,6.109000000000378,-2.89002,3.884,3.594697618677211,-0.28930238132278907
17,6.207999999998719,-2.89655,3.86598,3.584539921696655,-0.28144007830334505
17,6.310999999997875,-2.899,3.85955,3.5791608681157077,-0.2803891318842924
17,6.407999999999447,-2.899,3.85633,3.57651366202316,-0.2798163379768397
17,6.508999999998196,-2.899,3.85505,3.5749734907467765,-0.28007650925322336
17,6.6009999999987485,-2.89982,3.85376,3.5741032111992403,-0.2796567888007595
17,6.701999999997497,-2.89982,3.85312,3.5734695102521505,-0.27965048974784956
17,6.804000000000087,-2.89982,3.85247,3.572999899402748,-0.27947010059725175
17,6.901989999998477,-2.89982,3.85119,3.5726329911606407,-0.2785570088393592
17,7.001000000000204,-2.899,3.85054,3.5723253844819656,-0.2782146155180345
17,7.102999999999156,-2.89982,3.8499,3.572006035166259,-0.27789396483374107
17,7.208999999998923,-2.899,3.84926,3.5717244562226944,-0.2775355437773057
17,7.309999999997672,-2.89982,3.84861,3.571440481924335,-0.2771695180756648
17,7.402999999998428,-2.89982,3.84861,3.5712004816350538,-0.2774095183649461
17,7.505989999997837,-2.899,3.84797,3.570962417817802,-0.27700758218219823
17,7.601999999998952,-2.89982,3.84733,3.570719500505735,-0.27661049949426486
17,7.705999999998312,-2.89982,3.84668,3.5704783982987625,-0.27620160170123764
17,7.805000000000291,-2.899,3.84604,3.5702745624152703,-0.2757654375847296
17,7.906999999999243,-2.89982,3.84604,3.5700413070662482,-0.2759986929337517
17,8.008999999998196,-2.899,3.8454,3.569845129305437,-0.2755548706945632
17,8.108000000000175,-2.899,3.84475,3.569648957890885,-0.2751010421091147
17,8.20998999999938,-2.89982,3.84411,3.569435481679071,-0.27467451832092893
17,8.304000000000087,-2.899,3.84411,3.569273625086615,-0.2748363749133853
17,8.40599999999904,-2.899,3.84347,3.5690906974790315,-0.2743793025209684
17,8.505999999997584,-2.899,3.84282,3.5689164685360018,-0.2739035314639984
17,8.609000000000378,-2.89982,3.84282,3.5687254811125486,-0.2740945188874515
17,8.709999999999127,-2.89982,3.84218,3.568557434040624,-0.27362256595937584
17,8.800999999999476,-2.899,3.84218,3.568428600181294,-0.273751399818706
17,8.900999999998021,-2.899,3.84154,3.568277850967388,-0.27326214903261237
17,9.00499999999738,-2.899,3.84154,3.5681251157785034,-0.27341488422149673
17,9.105999999999767,-2.89982,3.84089,3.567964195060324,-0.2729258049396761
17,9.211999999999534,-2.89982,3.84025,3.567814806485733,-0.27243519351426704
17,9.305990000000747,-2.899,3.84025,3.567704664399197,-0.2725453356008032
17,9.400999999998021,-2.899,3.83961,3.5675841825862604,-0.27202581741373955
17,9.503999999997177,-2.89982,3.83961,3.5674395078103376,-0.2721704921896624
17,9.605999999999767,-2.89982,3.83896,3.5673137340858028,-0.2716462659141974
17,9.705999999998312,-2.89982,3.83896,3.567195678279996,-0.2717643217200041
17,9.807000000000698,-2.89982,3.83832,3.5670809692476473,-0.27123903075235267
17,9.907999999999447,-2.89982,3.83832,3.566970376636072,-0.27134962336392787
17,10.008999999998196,-2.89982,3.83768,3.5668636238689975,-0.27081637613100273
17,10.100999999998749,-2.89982,3.83768,3.566769558681547,-0.2709104413184531
17,10.209999999999127,-2.89982,3.83703,3.566661862423836,-0.27036813757616374
17,10.308999999997468,-2.89982,3.83703,3.5665674380139496,-0.27046256198605034
17,10.401999999998225,-2.899,3.83639,3.566498251732603,-0.26989174826739726
17,10.508999999998196,-2.89982,3.83639,3.566388915130571,-0.270001084869429
17,10.600999999998749,-2.899,3.83575,3.566324824161432,-0.2694251758385682
17,10.7029999999977,-2.899,3.83575,3.5662422562085916,-0.2695077437914084
17,10.809999999997672,-2.89982,3.8351,3.5661400644118713,-0.2689599355881289
17,10.904999999998836,-2.899,3.8351,3.5660805451465873,-0.26901945485341283
17,11.006999999997788,-2.899,3.83446,3.5660057447830407,-0.2684542552169593
17,11.101999999998952,-2.899,3.83446,3.565937485098969,-0.2685225149010311
17,11.206999999998516,-2.89982,3.83382,3.5658468574685385,-0.2679731425314613
17,11.307000000000698,-2.89982,3.83382,3.565776033435153,-0.26804396656484686
17,11.404999999998836,-2.899,3.83382,3.5657270593005905,-0.26809294069940925
17,11.507989999998244,-2.89982,3.83317,3.5656469302482305,-0.2675230697517694
17,11.602999999999156,-2.899,3.83317,3.5656034335101907,-0.26756656648980925
17,11.704999999998108,-2.899,3.83253,3.565545029898364,-0.26698497010163624
17,11.805000000000291,-2.899,3.83253,3.565488635056371,-0.2670413649436294
17,11.903999999998632,-2.89982,3.83253,3.565417193643826,-0.2671128063561743
17,12.004989999997633,-2.89982,3.83189,3.5653599995268683,-0.2665300004731317
17,12.106999999999971,-2.899,3.83189,3.5653226131138065,-0.2665673868861935
17,12.208999999998923,-2.899,3.83124,3.5652738143083123,-0.26596618569168795
17,12.300999999999476,-2.899,3.83124,3.5652302239653615,-0.2660097760346387
17,12.399999999997817,-2.89982,3.83124,3.5651673290861305,-0.26607267091386966
17,12.501000000000204,-2.899,3.8306,3.5651355668554157,-0.26546443314458434
17,12.60399999999936,-2.89982,3.8306,3.565074923718967,-0.26552507628103283
17,12.70799999999872,-2.89982,3.8306,3.5650284853996292,-0.26557151460037076
17,12.80399000000034,-2.89982,3.82996,3.5649880263490954,-0.2649719736509044
17,12.902999999998428,-2.89982,3.82996,3.5649481315786047,-0.2650118684213951
17,13.007999999997992,-2.899,3.82996,3.564924727741325,-0.26503527225867485
17,13.102999999999156,-2.899,3.82931,3.5648922593714425,-0.2644177406285575
17,13.205989999998565,-2.89982,3.82931,3.5648397169951114,-0.2644702830048886
17,13.307989999997517,-2.899,3.82867,3.5648190780453244,-0.2638509219546754
17,13.400999999998021,-2.89982,3.82867,3.564773058556634,-0.26389694144336584
17,13.502000000000407,-2.899,3.82867,3.5647550306046507,-0.2639149693953491
17,13.605999999999767,-2.89982,3.82803,3.564707310935073,-0.26332268906492695
17,13.70799999999872,-2.89982,3.82803,3.564674316051305,-0.26335568394869524
17,13.800999999999476,-2.89982,3.82803,3.5646460835722613,-0.26338391642773873
17,13.902999999998428,-2.899,3.82803,3.5646336770653106,-0.2633963229346894
17,14.003999999997177,-2.899,3.82738,3.56460884012573,-0.2627711598742697
17,14.102999999999156,-2.89982,3.82738,3.5645670679120838,-0.262812932087916
17,14.205999999998312,-2.899,3.82738,3.564555326923835,-0.26282467307616475
17,14.306000000000495,-2.899,3.82674,3.5645324723725595,-0.2622075276274405
17,14.408989999999903,-2.899,3.82674,3.564508830713034,-0.2622311692869661
17,14.507999999997992,-2.89982,3.8261,3.564469494699637,-0.2616305053003627
17,14.602999999999156,-2.89982,3.8261,3.564445454097203,-0.2616545459027968
17,14.703989999998157,-2.899,3.8261,3.564439125540043,-0.2616608744599569
17,14.807999999997264,-2.89982,3.82545,3.5644026591592226,-0.2610473408407774
17,14.901999999998225,-2.89982,3.82545,3.5643818409959174,-0.26106815900408264
17,15.005989999997837,-2.899,3.82545,3.564377648836539,-0.26107235116346095
17,15.104999999999563,-2.899,3.82481,3.564361492344353,-0.26044850765564664
17,15.205999999998312,-2.899,3.82481,3.564344359097152,-0.26046564090284763
17,15.309999999997672,-2.899,3.82481,3.5643266975147783,-0.26048330248522156
17,15.401999999998225,-2.89982,3.82417,3.564294688696912,-0.2598753113030883
17,15.501000000000204,-2.89982,3.82417,3.564275228125468,-0.2598947718745319
17,15.608000000000175,-2.89982,3.82417,3.564256498033195,-0.25991350196680507
17,15.701999999997497,-2.89982,3.82352,3.564241262200235,-0.25927873779976496
17,15.804990000000544,-2.89982,3.82352,3.564225465539767,-0.25929453446023265
17,15.906999999999243,-2.89982,3.82352,3.5642105304875598,-0.25930946951244005
17,16.00300000000061,-2.89982,3.82288,3.56419701737346,-0.25868298262654
17,16.00300000000061,-2.89982,3.82288,3.564197017373322,-0.2586829826266781
17,16.11398999999801,0.0,3.87708,3.6259015294175057,-0.2511784705824942
17,16.208999999998923,0.0,3.89832,3.6358601961513433,-0.26245980384865675
17,16.312999999998283,0.0,3.90732,3.641456388005942,-0.26586361199405806
17,16.412000000000262,0.0,3.90925,3.6442199785431995,-0.26503002145680066
17,16.508999999998196,0.0,3.91054,3.6457296091086038,-0.26481039089139635
17,16.61199999999735,0.0,3.91183,3.64668419925675,-0.26514580074325034
17,16.708999999998923,0.0,3.91247,3.647274708251128,-0.265195291748872
17,16.817989999999554,0.0,3.91311,3.647759645839839,-0.26535035416016095
17,16.91400000000067,0.0,3.91311,3.6481051372438507,-0.26500486275614943
17,17.012989999999263,0.0,3.91376,3.648417756868602,-0.2653422431313981
17,17.117999999998574,0.0,3.9144,3.64872056723155,-0.26567943276844996
17,17.208999999998923,0.0,3.9144,3.6489671324681727,-0.2654328675318274
17,17.307999999997264,0.0,3.91504,3.649223077056581,-0.26581692294341863
17,17.414999999997235,0.0,3.91569,3.649488011358778,-0.2662019886412219
17,17.511999999998807,0.0,3.91569,3.649719068536249,-0.2659709314637513
17,17.60900000000038,0.0,3.91569,3.6499422230381398,-0.26574777696186036
17,17.706999999998516,0.0,3.91633,3.650160144363908,-0.26616985563609186
17,17.80999999999767,0.0,3.91633,3.6503814194243582,-0.26594858057564164
17,17.909999999999854,0.0,3.91697,3.6505889523918515,-0.2663810476081485
17,18.01599999999962,0.0,3.91697,3.6508013900787364,-0.2661686099212637
17,18.111000000000786,0.0,3.91762,3.6509854163937208,-0.2666345836062791
17,18.215990000000602,0.0,3.91762,3.651182039108082,-0.26643796089191785
17,18.310999999997875,0.0,3.91826,3.6513540608354793,-0.26690593916452077
17,18.409999999999854,0.0,3.91826,3.6515275316342564,-0.2667324683657437
17,18.5099999999984,0.0,3.91826,3.651696966729318,-0.26656303327068187
17,18.615999999998166,0.0,3.9189,3.651870431595484,-0.26702956840451586
