pulse_id,soc_test,current_mean_a,ocv_v,v1_init_v,v2_init_v,r0_ohm,r1_ohm,c1_f,r2_ohm,c2_f,tau1_s,tau2_s,r_total_ohm,rmse_v,mae_v
1,1.0,-1.4489596039603962,4.160851472221805,-0.00832666560336064,-0.008179447796119656,0.01235750884593292,0.0206878789301901,4.378164902724565,0.005805693408796259,1097.8528975013069,0.09057494544397332,6.373797330851212,0.038851081184919284,0.0032483209546718826,0.002895599361168844
2,1.0,-2.899235940594058,4.14538090829807,0.010173220981097053,-0.03655221997714099,0.01235750884593292,0.0206878789301901,4.378164902724565,0.005805693408796259,1097.8528975013069,0.09057494544397332,6.373797330851212,0.038851081184919284,0.005816426365759657,0.005240706383757819
3,1.0,-5.799649801980197,4.120088744412875,0.02207238091427792,-0.06730345025067598,0.01235750884593292,0.0206878789301901,4.378164902724565,0.005805693408796259,1097.8528975013069,0.09057494544397332,6.373797330851212,0.038851081184919284,0.008714820383436758,0.00758663369573969
4,1.0,-11.599542475247523,4.093559617717824,0.01431575539445639,-0.07578608307188021,0.01235750884593292,0.0206878789301901,4.378164902724565,0.005805693408796259,1097.8528975013069,0.09057494544397332,6.373797330851212,0.038851081184919284,0.006504138924936944,0.003333494483501606
5,1.0,-17.39921643564356,4.078740203148813,0.06117350785812547,-0.1194425938877188,0.01235750884593292,0.0206878789301901,4.378164902724565,0.005805693408796259,1097.8528975013069,0.09057494544397332,6.373797330851212,0.038851081184919284,0.00662836840469342,0.004374601351873982
6,1.0,-1.4490650495049509,4.093986488475827,-0.00382949895957506,-0.008708403597475685,0.019177941669813747,0.01216686813710502,9.415669922167718,0.0072142698330743445,1091.8083082478615,0.11455921436552051,7.876599741692482,0.03855907963999311,0.0021589436937438553,0.0018103191997571205
7,1.0,-2.899227920792079,4.082022989306656,0.014046051663777454,-0.035581416819164914,0.019177941669813747,0.01216686813710502,9.415669922167718,0.0072142698330743445,1091.8083082478615,0.11455921436552051,7.876599741692482,0.03855907963999311,0.004472879163304184,0.0037927341419564903
8,1.0,-5.799761683168316,4.064961901933211,0.019874248246951547,-0.05589028645785198,0.019177941669813747,0.01216686813710502,9.415669922167718,0.0072142698330743445,1091.8083082478615,0.11455921436552051,7.876599741692482,0.03855907963999311,0.006472850653207804,0.0051313332623467295
9,1.0,-11.59974306930693,4.053108083529631,0.003291270336710233,-0.04602354235398636,0.019177941669813747,0.01216686813710502,9.415669922167718,0.0072142698330743445,1091.8083082478615,0.11455921436552051,7.876599741692482,0.03855907963999311,0.004643388185967121,0.002380456015336612
10,1.0,-17.39928148514851,4.033621085278514,0.046769062306890936,-0.09868210509562389,0.019177941669813747,0.01216686813710502,9.415669922167718,0.0072142698330743445,1091.8083082478615,0.11455921436552051,7.876599741692482,0.03855907963999311,0.004960832429338858,0.002836741211711083
11,1.0,-1.4491298019801984,4.0471596234058955,-0.002474072029589427,-0.010788683599405694,0.018917640986938888,0.01102840022736915,10.805888734337888,0.007323031996371041,1025.3820351438362,0.1191716657746977,7.508905451862368,0.03726907321067908,0.0019319030094687,0.0015408953749748444
12,1.0,-2.89924405940594,4.033315001401477,0.021132050146214578,-0.04504343692697041,0.018917640986938888,0.01102840022736915,10.805888734337888,0.007323031996371041,1025.3820351438362,0.1191716657746977,7.508905451862368,0.03726907321067908,0.00428463504655012,0.003417772304851947
13,1.0,-5.799738019801979,4.012450974910298,0.03604225095623249,-0.077605190757635,0.018917640986938888,0.01102840022736915,10.805888734337888,0.007323031996371041,1025.3820351438362,0.1191716657746977,7.508905451862368,0.03726907321067908,0.007489473225760327,0.0047493027366027896
14,1.0,-11.599791188118811,3.9992953216698575,0.014060996957930312,-0.06234427648169163,0.018917640986938888,0.01102840022736915,10.805888734337888,0.007323031996371041,1025.3820351438362,0.1191716657746977,7.508905451862368,0.03726907321067908,0.004374403189112568,0.0021622480995044063
15,1.0,-17.399240891089104,3.9734044317461765,0.05138498695992737,-0.11269230438794905,0.018917640986938888,0.01102840022736915,10.805888734337888,0.007323031996371041,1025.3820351438362,0.1191716657746977,7.508905451862368,0.03726907321067908,0.004898824562247259,0.0026517731534380588
16,1.0,-1.4488702970297032,3.932958090762291,-0.0015956192597116276,-0.01349513690377917,0.017358903903712027,0.011261147970790773,10.268034725464139,0.00662650109514825,997.8890972965058,0.11562985841266968,6.612513196071795,0.035246552969651054,0.001713184399579654,0.0013568790920550206
17,1.0,-2.899325247524751,3.91856310899755,0.03219599968059553,-0.058908577780018116,0.017358903903712027,0.011261147970790773,10.268034725464139,0.00662650109514825,997.8890972965058,0.11562985841266968,6.612513196071795,0.035246552969651054,0.004383110043744832,0.003076609125032685
18,1.0,-5.79977,3.9000788650129277,0.04453164205724618,-0.08715705834345898,0.017358903903712027,0.011261147970790773,10.268034725464139,0.00662650109514825,997.8890972965058,0.11562985841266968,6.612513196071795,0.035246552969651054,0.006308226357060711,0.004143875631603266
19,1.0,-11.599646831683168,3.886759018844851,0.019970295299637824,-0.07012939506825486,0.017358903903712027,0.011261147970790773,10.268034725464139,0.00662650109514825,997.8890972965058,0.11562985841266968,6.612513196071795,0.035246552969651054,0.004202953058538873,0.00207737326706048
20,1.0,-17.399435742574255,3.86497942564336,0.04835071039161458,-0.10999529698004226,0.017358903903712027,0.011261147970790773,10.268034725464139,0.00662650109514825,997.8890972965058,0.11562985841266968,6.612513196071795,0.035246552969651054,0.004758048120278661,0.002797688551536396
21,1.0,-1.4489840594059409,3.8484650172962027,-0.0004811997931194946,-0.014277157698573129,0.016505188884673755,0.011876229135176096,9.280787326546697,0.00659878200245744,1008.5786382210558,0.11022075684490695,6.655390565956137,0.03498020002230729,0.0017158358661403833,0.0012790843700404048
22,1.0,-2.899276534653465,3.8339762322841007,0.03370374876859325,-0.06136465824611519,0.016505188884673755,0.011876229135176096,9.280787326546697,0.00659878200245744,1008.5786382210558,0.11022075684490695,6.655390565956137,0.03498020002230729,0.004515023713245726,0.0027992928004177183
23,1.0,-5.799617920792078,3.8154687576737643,0.04905429657109715,-0.09329116320627322,0.016505188884673755,0.011876229135176096,9.280787326546697,0.00659878200245744,1008.5786382210558,0.11022075684490695,6.655390565956137,0.03498020002230729,0.007100800726419168,0.004035646676814656
24,1.0,-11.599662871287128,3.8044139571431055,0.019765245152793553,-0.07056016082408363,0.016505188884673755,0.011876229135176096,9.280787326546697,0.00659878200245744,1008.5786382210558,0.11022075684490695,6.655390565956137,0.03498020002230729,0.004209109395670466,0.0019967843360236028
25,1.0,-17.399378910891084,3.7814037627300094,0.04945739474389478,-0.11360984780691273,0.016505188884673755,0.011876229135176096,9.280787326546697,0.00659878200245744,1008.5786382210558,0.11022075684490695,6.655390565956137,0.03498020002230729,0.004861212296994145,0.0028335286826074585
26,1.0,-1.4489354455445547,3.75321137394054,3.165782945086455e-05,-0.016167657113814817,0.018463389825912096,0.010171470411115404,11.10909465003072,0.006564308752287468,1072.7978976689008,0.1129958275270679,7.042176629103561,0.035199168989314966,0.0014028985624159377,0.0009030793101974377
27,1.0,-2.899154851485148,3.7425879906669777,0.03471354360183491,-0.06304184093413416,0.018463389825912096,0.010171470411115404,11.10909465003072,0.006564308752287468,1072.7978976689008,0.1129958275270679,7.042176629103561,0.035199168989314966,0.004254675218272721,0.002449509899120901
28,1.0,-5.799697722772277,3.7259171796533894,0.049454740856378944,-0.09252232272705917,0.018463389825912096,0.010171470411115404,11.10909465003072,0.006564308752287468,1072.7978976689008,0.1129958275270679,7.042176629103561,0.035199168989314966,0.0066559535346511845,0.0038032407438951176
29,1.0,-11.599622772277227,3.7168418171848554,0.022474402698403693,-0.06626071145144342,0.018463389825912096,0.010171470411115404,11.10909465003072,0.006564308752287468,1072.7978976689008,0.1129958275270679,7.042176629103561,0.035199168989314966,0.003866824236227014,0.0018514242938682168
30,1.0,-17.39941138613861,3.6905578595713338,0.051482733946523355,-0.1028891903337951,0.018463389825912096,0.010171470411115404,11.10909465003072,0.006564308752287468,1072.7978976689008,0.1129958275270679,7.042176629103561,0.035199168989314966,0.004875407143092787,0.0025626108061079585
31,1.0,-1.4490976237623765,3.658603680553815,0.001170239075454187,-0.00606153122685083,0.016289596081815842,0.012053187200188265,8.194835121998707,0.007288166226545852,869.8056375746617,0.09877388180012805,6.339288071430831,0.03563094950854996,0.000950681750115226,0.0005487913746041698
32,1.0,-2.8993981188118805,3.6523477987147492,0.018520871388589107,-0.02965250336654565,0.016289596081815842,0.012053187200188265,8.194835121998707,0.007288166226545852,869.8056375746617,0.09877388180012805,6.339288071430831,0.03563094950854996,0.0029828562840630607,0.0014337912533277652
33,1.0,-5.79971415841584,3.6405609642617205,0.03325472525802016,-0.05359275098238377,0.016289596081815842,0.012053187200188265,8.194835121998707,0.007288166226545852,869.8056375746617,0.09877388180012805,6.339288071430831,0.03563094950854996,0.006030833959035215,0.0027551732835775977
34,1.0,-11.599622673267325,3.631071483129729,0.008732596799758054,-0.03406094852256118,0.016289596081815842,0.012053187200188265,8.194835121998707,0.007288166226545852,869.8056375746617,0.09877388180012805,6.339288071430831,0.03563094950854996,0.00511888107186781,0.0027010354346718966
35,1.0,-17.399378712871282,3.606000803858081,0.045386869936486364,-0.08806470578555083,0.016289596081815842,0.012053187200188265,8.194835121998707,0.007288166226545852,869.8056375746617,0.09877388180012805,6.339288071430831,0.03563094950854996,0.004469704152547278,0.002509086352141129
36,1.0,-1.449040594059406,3.598194433050795,0.0020485909455889104,-0.006061377265827806,0.018201775190684166,0.011103650084994199,9.181948110071653,0.00815483703045733,904.9747357421876,0.10195313891280944,7.379921486658727,0.037460262306135694,0.0010168689051251267,0.0006457695502899776
37,1.0,-2.8993171287128714,3.592781494133141,0.016591084785101427,-0.02616886082084665,0.018201775190684166,0.011103650084994199,9.181948110071653,0.00815483703045733,904.9747357421876,0.10195313891280944,7.379921486658727,0.037460262306135694,0.002850578873771588,0.0014535420999511348
38,1.0,-5.7998104950495035,3.580715832484909,0.03285386729383038,-0.053206612815811356,0.018201775190684166,0.011103650084994199,9.181948110071653,0.00815483703045733,904.9747357421876,0.10195313891280944,7.379921486658727,0.037460262306135694,0.00635121335636149,0.0031435428830193283
39,1.0,-11.59981514851485,3.571307093200038,0.016904599503212984,-0.04344685952984689,0.018201775190684166,0.011103650084994199,9.181948110071653,0.00815483703045733,904.9747357421876,0.10195313891280944,7.379921486658727,0.037460262306135694,0.0037534083249399037,0.0022511592766234967
40,1.0,-17.39935455445544,3.5465805740413914,0.047885047137570254,-0.09336266242941058,0.018201775190684166,0.011103650084994199,9.181948110071653,0.00815483703045733,904.9747357421876,0.10195313891280944,7.379921486658727,0.037460262306135694,0.0049976683696468915,0.0026311419982765418
41,1.0,-1.4490161386138616,3.545873147700596,0.00253989458807552,-0.0065060728691425295,0.0175239787820423,0.013444976531126317,7.325954008488596,0.009451513361416926,864.1370100956733,0.09849727971223994,8.167402497014129,0.04042046867458554,0.0012457109339659013,0.000812057303716041
42,1.0,-2.8992358415841575,3.540714828284727,0.017631526475944938,-0.027796163875350763,0.0175239787820423,0.013444976531126317,7.325954008488596,0.009451513361416926,864.1370100956733,0.09849727971223994,8.167402497014129,0.04042046867458554,0.0034980805728744993,0.0019077907441926016
43,1.0,-5.79978603960396,3.5294429287622484,0.03146683551342005,-0.05162291211517493,0.0175239787820423,0.013444976531126317,7.325954008488596,0.009451513361416926,864.1370100956733,0.09849727971223994,8.167402497014129,0.04042046867458554,0.006578766996220871,0.0033133764487413824
44,1.0,-11.599686831683165,3.5195085500518255,0.019860160110346636,-0.045441045917638444,0.0175239787820423,0.013444976531126317,7.325954008488596,0.009451513361416926,864.1370100956733,0.09849727971223994,8.167402497014129,0.04042046867458554,0.004310058875679646,0.0023989714737652633
45,1.0,-17.399378910891084,3.488474206890344,0.05129012758437313,-0.09890429895032019,0.0175239787820423,0.013444976531126317,7.325954008488596,0.009451513361416926,864.1370100956733,0.09849727971223994,8.167402497014129,0.04042046867458554,0.006377048234533056,0.003687450609444524
46,1.0,-1.448992079207921,3.509006803104158,0.005362707174452918,-0.008212925927226214,0.019446567676635673,0.014035642874967192,7.2803272334863225,0.01070558269295064,793.5587717422245,0.10218407306211191,8.495509052602726,0.044187793244553505,0.0018147686416457153,0.0013053013401724805
47,1.0,-2.899300891089108,3.5038244851757216,0.022110703532150566,-0.030565123348826138,0.019446567676635673,0.014035642874967192,7.2803272334863225,0.01070558269295064,793.5587717422245,0.10218407306211191,8.495509052602726,0.044187793244553505,0.004167011246686509,0.002462413220776885
48,1.0,-5.7996978217821775,3.4921983943677435,0.039547505414537346,-0.05705720625811967,0.019446567676635673,0.014035642874967192,7.2803272334863225,0.01070558269295064,793.5587717422245,0.10218407306211191,8.495509052602726,0.044187793244553505,0.007281104267900823,0.004195401842719133
49,1.0,-11.599614653465343,3.4868237709380656,0.027798821391945738,-0.044243826197704256,0.019446567676635673,0.014035642874967192,7.2803272334863225,0.01070558269295064,793.5587717422245,0.10218407306211191,8.495509052602726,0.044187793244553505,0.0041495931967147565,0.0025682491943637554
50,1.0,-17.399240891089104,3.4467499518679174,0.06351664073885784,-0.1071737945448935,0.019446567676635673,0.014035642874967192,7.2803272334863225,0.01070558269295064,793.5587717422245,0.10218407306211191,8.495509052602726,0.044187793244553505,0.008996513753437425,0.005233753877844342
51,1.0,-1.4491544554455444,3.4602049397150267,0.00971499136692795,-0.005228198297497938,0.019130774867444418,0.01941412674293225,5.982743140305147,0.014211178209807432,505.4462590435294,0.11614973359629263,7.182986862748087,0.052756079820184106,0.003190678993950624,0.0027153378263013316
52,1.0,-2.899325148514851,3.458906596080386,0.02473508993437835,-0.02277448835481206,0.019130774867444418,0.01941412674293225,5.982743140305147,0.014211178209807432,505.4462590435294,0.11614973359629263,7.182986862748087,0.052756079820184106,0.006223297009972895,0.004722245119968553
53,1.0,-5.799698019801979,3.4548645596489145,0.043359092485146446,-0.04221738177810549,0.019130774867444418,0.01941412674293225,5.982743140305147,0.014211178209807432,505.4462590435294,0.11614973359629263,7.182986862748087,0.052756079820184106,0.010345010312601691,0.006759574383586903
54,1.0,-11.599598613861383,3.463447207505318,0.01778864538742279,-0.0009882727550449123,0.019130774867444418,0.01941412674293225,5.982743140305147,0.014211178209807432,505.4462590435294,0.11614973359629263,7.182986862748087,0.052756079820184106,0.00630097655034582,0.004988673449011996
55,1.0,-17.399403267326726,3.396697972202246,0.1055622448166506,-0.1394186049790473,0.019130774867444418,0.01941412674293225,5.982743140305147,0.014211178209807432,505.4462590435294,0.11614973359629263,7.182986862748087,0.052756079820184106,0.01917241435324537,0.012406163256729412
56,1.0,-1.4491300990099012,3.4151397950055484,0.015007029914786783,0.016744927138365888,0.02203252999651086,0.026282731905252883,7.04796900475023,0.03166146926005159,176.57663970932268,0.18523987982838228,5.590675850199925,0.07997673116181533,0.006157889678811041,0.005613454300642859
57,1.0,-2.8993333663366325,3.433709948932754,-0.0460681721121112,0.09089141340309186,0.02203252999651086,0.026282731905252883,7.04796900475023,0.03166146926005159,176.57663970932268,0.18523987982838228,5.590675850199925,0.07997673116181533,0.009155969096124119,0.007945690759953883
58,1.0,-5.799617722772276,3.459888875702778,-0.0795451297863972,0.1543087610621311,0.02203252999651086,0.026282731905252883,7.04796900475023,0.03166146926005159,176.57663970932268,0.18523987982838228,5.590675850199925,0.07997673116181533,0.01263831874166661,0.009131422465946355
59,1.0,-11.599566534653462,3.4795544865298886,-0.09790107302600085,0.19999999999999998,0.02203252999651086,0.026282731905252883,7.04796900475023,0.03166146926005159,176.57663970932268,0.18523987982838228,5.590675850199925,0.07997673116181533,0.019603350713040965,0.014674666946201944
60,1.0,-1.448983861386139,3.3330075276323536,-0.058733245133096516,-0.001962532809548085,0.02203252999651086,0.026282731905252883,7.04796900475023,0.03166146926005159,176.57663970932268,0.18523987982838228,5.590675850199925,0.07997673116181533,0.011296032092104592,0.01005490839482641
61,1.0,-2.8992358415841584,3.450138541106895,-0.10461123349727314,0.19999999999999998,0.030519101977798658,0.03906678445433379,13.876922395650816,0.08374799180338925,106.96090728067973,0.5421267361204077,8.957761186225444,0.1533338782355217,0.009672951542721747,0.0056771065140505984
62,1.0,-5.799721881188118,3.4619902846410344,-0.0878941701752246,0.19999999999999998,0.030519101977798658,0.03906678445433379,13.876922395650816,0.08374799180338925,106.96090728067973,0.5421267361204077,8.957761186225444,0.1533338782355217,0.02069330591264933,0.014809117858175486
63,1.0,-11.5995225,3.3603051217033926,0.1044140301716922,-0.06913551591896992,0.030519101977798658,0.03906678445433379,13.876922395650816,0.08374799180338925,106.96090728067973,0.5421267361204077,8.957761186225444,0.1533338782355217,0.033261241699046436,0.027136218331076566
64,1.0,-1.449162178217822,3.1960508849957563,-0.1320406525813993,-0.011041835427799617,0.030519101977798658,0.03906678445433379,13.876922395650816,0.08374799180338925,106.96090728067973,0.5421267361204077,8.957761186225444,0.1533338782355217,0.021662791314010135,0.016150815473593042
65,1.0,-2.8992846534653456,3.100163006217617,0.07534312572992982,-0.19999999999999998,0.030519101977798658,0.03906678445433379,13.876922395650816,0.08374799180338925,106.96090728067973,0.5421267361204077,8.957761186225444,0.1533338782355217,0.03708642757672641,0.03346850360202238
66,1.0,-5.8005194285714285,3.181866006363148,0.044485650583822235,-0.07757676894961,1.0000000000000003e-05,0.046622934227475925,3.9020888224577934,0.09367667060258345,25.733619987127955,0.18192683051921868,2.4106398429462432,0.1403096048300594,0.007234795488257951,0.004355922294082661
