time_s,voltage_v,current_a,ah,soc
300.0190023332834,4.1703,-0.14454,0.02717,0.000804051619446744
360.0220061838627,4.16644,-0.14454,0.02475,0.001611439552667071
420.02000100910664,4.16386,-0.14536,0.02234,0.002415491172113926
480.02100326120853,4.16129,-0.14454,0.01992,0.003222879105334142
540.0250028818846,4.15872,-0.14536,0.01751,0.004026930724780775
600.0220019370317,4.15679,-0.14536,0.01509,0.004834318658001213
660.0180052220821,4.15486,-0.14536,0.01267,0.00564170659122154
720.0209990143776,4.15292,-0.14454,0.01026,0.006445758210668173
780.0229970365763,4.15099,-0.14536,0.00784,0.007253146143888611
840.0180045515299,4.14906,-0.14536,0.00543,0.008057197763335244
900.0240057706833,4.14778,-0.14454,0.00301,0.008864585696555571
960.0269995629787,4.14585,-0.14536,0.0006,0.009668637316002315
1020.0219970196486,4.14392,-0.14454,-0.00182,0.010476025249222642
1080.018000304699,4.14263,-0.14454,-0.00424,0.01128341318244297
1140.0210041552782,4.14134,-0.14454,-0.00665,0.012087464801889714
1200.0200048089027,4.13941,-0.14536,-0.00907,0.01289485273511004
1260.0240044295788,4.13813,-0.14536,-0.01148,0.013698904354556896
1320.0190018862486,4.13684,-0.14536,-0.0139,0.014506292287777112
1380.0239972770214,4.13555,-0.14536,-0.01631,0.015310343907223745
1440.0150015950203,4.13427,-0.14536,-0.01873,0.016117731840444183
1500.0250060111284,4.13234,-0.14454,-0.02115,0.01692511977366451
1560.017006099224,4.13105,-0.14454,-0.02356,0.017729171393111143
1620.024998858571,4.13041,-0.14536,-0.02598,0.01853655932633158
1680.0219979137182,4.12912,-0.14536,-0.02839,0.019340610945778214
1740.0250017642975,4.12783,-0.14454,-0.03081,0.02014799887899854
1800.0160060822964,4.12655,-0.14536,-0.03322,0.020952050498445285
1860.0189998745918,4.12526,-0.14536,-0.03564,0.021759438431665612
1920.019006356597,4.12397,-0.14536,-0.03806,0.02256682636488605
1980.0220001488924,4.12269,-0.14536,-0.04047,0.023370877984332683
2040.0200050324202,4.12204,-0.14454,-0.04289,0.02417826591755301
2100.0229988247156,4.12076,-0.14454,-0.0453,0.024982317536999865
2160.016004741192,4.12011,-0.14454,-0.04772,0.02578970547022008
2220.023001730442,4.11883,-0.14536,-0.05013,0.026593757089666714
2280.0159975886345,4.11754,-0.14536,-0.05255,0.027401145022887152
2340.018005669117,4.1169,-0.14454,-0.05497,0.02820853295610748
2400.0200036913157,4.11561,-0.14454,-0.05738,0.029012584575554334
2460.026004910469,4.11497,-0.14454,-0.0598,0.02981997250877455
2520.0160034000874,4.11368,-0.14454,-0.06221,0.030624024128221183
2580.018997192383,4.11304,-0.14536,-0.06463,0.03143141206144162
2640.0240026414394,4.11175,-0.14536,-0.06705,0.03223879999466195
2700.0149969011545,4.11111,-0.14454,-0.06946,0.03304285161410858
2760.020002350211,4.10982,-0.14454,-0.07188,0.03385023954732902
2820.0170014053583,4.10918,-0.14536,-0.07429,0.03465429116677565
2880.018999427557,4.10853,-0.14454,-0.07671,0.03546167909999598
2940.015998482704,4.10789,-0.14454,-0.07912,0.036265730719442835
3000.0190023332834,4.1066,-0.14536,-0.08154,0.03707311865266305
3060.0200045853853,4.10596,-0.14536,-0.08396,0.03788050658588338
3120.0270015746355,4.10532,-0.14536,-0.08637,0.03868455820533012
3180.019997432828,4.10403,-0.14536,-0.08879,0.03949194613855045
3240.0180023163557,4.10339,-0.14454,-0.0912,0.040295997757997304
3300.021006166935,4.10274,-0.14454,-0.09362,0.04110338569121752
3360.0230041891336,4.10146,-0.14454,-0.09604,0.04191077362443785
3420.0250022113323,4.10081,-0.14454,-0.09845,0.04271482524388459
3480.0179980695248,4.10017,-0.14536,-0.10087,0.04352221317710492
3540.0230035185814,4.09953,-0.14536,-0.10328,0.04432626479655155
3600.02500154078,4.09888,-0.14536,-0.1057,0.04513365272977199
3660.0280053913593,4.09824,-0.14454,-0.10811,0.04593770434921862
3720.027006044984,4.0976,-0.14536,-0.11053,0.04674509228243895
3780.0229992717505,4.09695,-0.14454,-0.11295,0.04755248021565939
3840.019002556801,4.09631,-0.14454,-0.11536,0.04835653183510602
3900.018998980522,4.09567,-0.14454,-0.11778,0.04916391976832635
3960.022998601198,4.09438,-0.14454,-0.1202,0.049971307701546785
4020.0219992548227,4.09374,-0.14454,-0.12261,0.05077535932099342
4080.0230015069246,4.09309,-0.14536,-0.12503,0.05158274725421386
4140.021006390452,4.09245,-0.14454,-0.12744,0.05238679887366049
4200.016999617219,4.09181,-0.14536,-0.12986,0.05319418680688082
4260.017006099224,4.09116,-0.14454,-0.13227,0.05399823842632756
4320.015000924468,4.09052,-0.14536,-0.13469,0.05480562635954789
4380.014997348189,4.08988,-0.14536,-0.13711,0.055613014292768215
4440.017005428672,4.08923,-0.14454,-0.13952,0.05641706591221496
4500.016006082296,4.08859,-0.14454,-0.14194,0.057224453845435286
4560.025004670024,4.08795,-0.14536,-0.14435,0.05802850546488203
4620.022003725171,4.0873,-0.14536,-0.14677,0.05883589339810236
4680.017996951938,4.08666,-0.14454,-0.14918,0.05963994501754899
4740.01899920404,4.08601,-0.14536,-0.1516,0.06044733295076943
4800.022998824716,4.08537,-0.14536,-0.15402,0.061254720883989755
4860.024996846914,4.08473,-0.14454,-0.15643,0.06205877250343639
4920.023997500539,4.08408,-0.14454,-0.15885,0.06286616043665683
4980.024999752641,4.08344,-0.14454,-0.16126,0.06367021205610346
5040.026997774839,4.08344,-0.14536,-0.16368,0.06447759998932379
5100.020003691316,4.0828,-0.14454,-0.16609,0.06528165160877053
5160.015996918082,4.08151,-0.14454,-0.16851,0.06608903954199086
5220.020006597042,4.08087,-0.14454,-0.17093,0.06689642747521118
5280.015004053712,4.08022,-0.14536,-0.17334,0.06770047909465793
5340.017002075911,4.07958,-0.14536,-0.17576,0.06850786702787826
5400.026000663638,4.07958,-0.14454,-0.17817,0.069311918647325
5460.0220039486885,4.07894,-0.14536,-0.18059,0.07011930658054533
5520.019003003836,4.07829,-0.14536,-0.18301,0.07092669451376565
5580.023002624512,4.07765,-0.14454,-0.18542,0.0717307461332124
5640.024004876614,4.07701,-0.14454,-0.18784,0.07253813406643272
5700.016004964709,4.07636,-0.14454,-0.19025,0.07334218568587936
5760.0230019539595,4.07572,-0.14536,-0.19267,0.0741495736190998
5820.015002042055,4.07508,-0.14454,-0.19509,0.07495696155232012
5880.019997432828,4.07443,-0.14454,-0.1975,0.07576101317176676
5940.023001283407,4.07379,-0.14454,-0.19992,0.0765684011049872
6000.020000338554,4.07315,-0.14454,-0.20233,0.07737245272443383
6060.018005222082,4.0725,-0.14454,-0.20475,0.07817984065765415
6120.017005875707,4.07186,-0.14454,-0.20716,0.0789838922771009
6180.017002299428,4.07122,-0.14536,-0.20958,0.07979128021032122
6240.020006150007,4.07057,-0.14536,-0.212,0.08059866814354166
6300.022999942303,4.06993,-0.14536,-0.21441,0.0814027197629883
6360.017001628876,4.06929,-0.14454,-0.21683,0.08221010769620862
6420.026000216603,4.06864,-0.14454,-0.21924,0.08301415931565537
6480.020997673273,4.068,-0.14536,-0.22166,0.0838215472488757
6540.019998326898,4.06736,-0.14536,-0.22408,0.08462893518209602
6600.016001611948,4.06671,-0.14454,-0.22649,0.08543298680154277
6660.015998035669,4.06607,-0.14536,-0.22891,0.08624037473476309
6720.0240008533,4.06543,-0.14536,-0.23132,0.08704442635420984
6780.0169967114925,4.06478,-0.14536,-0.23374,0.08785181428743016
6840.024999529123,4.06414,-0.14536,-0.23616,0.08865920222065049
6900.026997551322,4.0635,-0.14454,-0.23857,0.08946325384009723
6960.018001869321,4.06285,-0.14536,-0.24099,0.09027064177331756
7020.022001489997,4.06221,-0.14536,-0.2434,0.0910746933927642
7080.02699688077,4.06157,-0.14454,-0.24582,0.09188208132598463
7140.024005994201,4.06028,-0.14454,-0.24823,0.09268613294543127
7200.021005049348,4.05964,-0.14536,-0.25065,0.09349352087865159
7260.014996677637,4.05899,-0.14454,-0.25307,0.09430090881187203
7320.019006356597,4.05835,-0.14454,-0.25548,0.09510496043131866
7380.026003345847,4.05771,-0.14536,-0.2579,0.0959123483645391
7440.01899920404,4.05706,-0.14454,-0.26031,0.09671639998398573
7500.026006251574,4.05642,-0.14536,-0.26273,0.09752378791720606
7560.019997879863,4.05578,-0.14536,-0.26515,0.0983311758504265
7620.021000131965,4.05513,-0.14454,-0.26756,0.09913522746987313
7680.0159975886345,4.05385,-0.14454,-0.26998,0.09994261540309346
7740.019001439214,4.0532,-0.14454,-0.27239,0.1007466670225402
7800.0170063227415,4.05256,-0.14454,-0.27481,0.10155405495576053
7860.027996450663,4.05192,-0.14536,-0.27723,0.10236144288898086
7920.025005564094,4.05127,-0.14536,-0.27964,0.1031654945084276
7980.025997757912,4.04999,-0.14536,-0.28206,0.10397288244164793
8040.019999444485,4.04934,-0.14536,-0.28447,0.10477693406109456
8100.0180043280125,4.0487,-0.14536,-0.28689,0.105584321994315
8160.029004514217,4.04806,-0.14454,-0.28931,0.10639170992753533
8220.017997175455,4.04741,-0.14536,-0.29172,0.10719576154698196
8280.01699782908,4.04613,-0.14454,-0.29414,0.1080031494802024
8340.017004311085,4.04548,-0.14454,-0.29655,0.10880720109964903
8400.026998668909,4.04484,-0.14536,-0.29897,0.10961458903286947
8460.02300195396,4.0442,-0.14454,-0.30138,0.1104186406523161
8520.020996779203,4.04291,-0.14536,-0.3038,0.11122602858553643
8580.016004294157,4.04227,-0.14536,-0.30621,0.11203008020498317
8640.023001283407,4.04098,-0.14536,-0.30863,0.1128374681382035
8700.021006166935,4.04034,-0.14536,-0.31105,0.11364485607142383
8760.025005787611,4.03969,-0.14536,-0.31346,0.11444890769087057
8820.025002211332,4.03841,-0.14536,-0.31588,0.1152562956240909
8880.017002299428,4.03776,-0.14454,-0.31829,0.11606034724353764
8940.023999288678,4.03712,-0.14536,-0.32071,0.11686773517675797
9000.015999376774,4.03648,-0.14536,-0.32313,0.1176751231099783
9060.019003227353,4.03519,-0.14536,-0.32554,0.11847917472942504
9120.021001249552,4.03455,-0.14454,-0.32796,0.11928656266264537
9180.026006698608,4.0339,-0.14536,-0.33038,0.1200939505958657
9240.019998326898,4.03262,-0.14454,-0.33279,0.12089800221531244
9300.025003775954,4.03197,-0.14454,-0.33521,0.12170539014853277
9360.020001232624,4.03133,-0.14454,-0.33762,0.1225094417679794
9420.021003484726,4.03004,-0.14536,-0.34004,0.12331682970119984
9480.022005736828,4.0294,-0.14536,-0.34246,0.12412421763442016
9540.017998963594,4.02811,-0.14536,-0.34487,0.12492826925386691
9600.02199858427,4.02747,-0.14454,-0.34729,0.12573565718708724
9660.020999237895,4.02683,-0.14536,-0.3497,0.12653970880653387
9720.017998293042,4.02618,-0.14536,-0.35212,0.1273470967397543
9780.018004775047,4.0249,-0.14536,-0.35453,0.12815114835920094
9840.022004395723,4.02425,-0.14454,-0.35695,0.12895853629242127
9900.024998188019,4.02361,-0.14536,-0.35936,0.129762587911868
9960.025004670024,4.02232,-0.14536,-0.36178,0.13056997584508834
10020.025001093745,4.02168,-0.14536,-0.36419,0.13137402746453497
10080.019998550415,4.02039,-0.14536,-0.36661,0.1321814153977554
10140.016001835465,4.01975,-0.14454,-0.36903,0.13298880333097574
10200.025000423193,4.01846,-0.14536,-0.37144,0.13379285495042237
10260.016004741192,4.01782,-0.14454,-0.37386,0.1346002428836428
10320.021000131965,4.01717,-0.14536,-0.37627,0.13540429450308944
10380.022002384067,4.01653,-0.14536,-0.37869,0.13621168243630988
10440.01999720931,4.01524,-0.14454,-0.38111,0.1370190703695302
10500.02300105989,4.0146,-0.14454,-0.38352,0.13782312198897684
10560.017002746463,4.01396,-0.14454,-0.38594,0.13863050992219728
10620.016999170184,4.01267,-0.14454,-0.38835,0.1394345615416439
10680.027999356389,4.01203,-0.14454,-0.39077,0.14024194947486424
10740.028005838394,4.01074,-0.14536,-0.39319,0.14104933740808467
10800.025004893541,4.0101,-0.14536,-0.3956,0.1418533890275313
10860.019006580114,4.00881,-0.14454,-0.39802,0.14266077696075163
10920.024997740984,4.00817,-0.14536,-0.40043,0.14346482858019838
10980.023998394608,4.00688,-0.14454,-0.40285,0.1442722165134187
11040.015002712607,4.00624,-0.14454,-0.40527,0.14507960444663892
11100.023005530238,4.00559,-0.14454,-0.40768,0.14588365606608578
11160.022006183863,4.00431,-0.14454,-0.4101,0.1466910439993061
11220.022002607584,4.00366,-0.14536,-0.41251,0.14749509561875285
11280.025006458163,4.00302,-0.14536,-0.41493,0.14830248355197317
11340.02099968493,4.00173,-0.14536,-0.41734,0.1491065351714198
11400.026005133986,4.00109,-0.14536,-0.41976,0.14991392310464025
11460.025005787611,3.9998,-0.14454,-0.42218,0.15072131103786057
11520.016000047326,3.99916,-0.14454,-0.42459,0.15152536265730732
11580.028006061912,3.99787,-0.14454,-0.42701,0.15233275059052764
11640.025005117059,3.99723,-0.14454,-0.42942,0.15313680220997428
11700.027003139257,3.99659,-0.14536,-0.43184,0.15394419014319471
11760.017001628876,3.9953,-0.14454,-0.43426,0.15475157807641504
11820.018999651074,3.99466,-0.14454,-0.43667,0.15555562969586167
11880.017004534602,3.99337,-0.14454,-0.43909,0.1563630176290821
11940.019998326898,3.99273,-0.14454,-0.4415,0.15716706924852875
12000.020004808903,3.99144,-0.14536,-0.44392,0.15797445718174907
12060.02099700272,3.9908,-0.14536,-0.44634,0.1587818451149695
12120.016004517674,3.99015,-0.14536,-0.44875,0.15958589673441614
12180.023997277021,3.98887,-0.14536,-0.45117,0.16039328466763636
12240.024003759027,3.98758,-0.14454,-0.45358,0.16119733628708321
12300.0180054456,3.98694,-0.14454,-0.456,0.16200472422030354
12360.018997639418,3.98629,-0.14536,-0.45842,0.16281211215352376
12420.022001489997,3.98501,-0.14536,-0.46083,0.1636161637729706
12480.021002143621,3.98436,-0.14536,-0.46325,0.16442355170619094
12540.025997534394,3.98372,-0.14536,-0.46566,0.16522760332563768
12600.01900345087,3.98243,-0.14454,-0.46808,0.166034991258858
12660.02600044012,3.98179,-0.14454,-0.4705,0.16684237919207823
12720.022999495268,3.9805,-0.14536,-0.47291,0.16764643081152508
12780.026003345847,3.97986,-0.14536,-0.47533,0.1684538187447454
12840.021000802517,3.97922,-0.14454,-0.47774,0.16925787036419204
12900.024004653096,3.97793,-0.14454,-0.48016,0.17006525829741248
12960.02199947834,3.97729,-0.14454,-0.48257,0.1708693099168591
13020.022005960345,3.976,-0.14454,-0.48499,0.17167669785007933
13080.02000078559,3.97536,-0.14536,-0.48741,0.17248408578329988
13140.026002004743,3.97471,-0.14536,-0.48982,0.1732881374027465
13200.022005289793,3.97407,-0.14454,-0.49224,0.17409552533596673
13260.020000115037,3.97278,-0.14454,-0.49465,0.17489957695541358
13320.023003965616,3.97214,-0.14536,-0.49707,0.1757069648886339
13380.013002455235,3.9715,-0.14454,-0.49948,0.17651101650808065
13440.019999444485,3.97021,-0.14536,-0.5019,0.17731840444130098
13500.016998499632,3.96957,-0.14536,-0.50432,0.1781257923745212
13560.022999718785,3.96828,-0.14536,-0.50673,0.17892984399396805
13620.017997175455,3.96764,-0.14454,-0.50915,0.17973723192718838
13680.021996796131,3.96635,-0.14454,-0.51156,0.18054128354663512
13740.022003278136,3.96571,-0.14454,-0.51398,0.18134867147985545
13800.024001300335,3.96506,-0.14454,-0.51639,0.18215272309930208
13860.020004585385,3.96442,-0.14454,-0.51881,0.18296011103252252
13920.015002042055,3.96313,-0.14454,-0.52123,0.18376749896574285
13980.019997432828,3.96249,-0.14454,-0.52364,0.18457155058518948
14040.023997053504,3.96185,-0.14454,-0.52606,0.18537893851840992
14100.01700296998,3.96056,-0.14536,-0.52847,0.18618299013785655
14160.016003623605,3.95992,-0.14454,-0.53089,0.18699037807107677
14220.017005875707,3.95927,-0.14454,-0.53331,0.18779776600429732
14280.017998069525,3.95799,-0.14536,-0.53572,0.18860181762374395
14340.0219976902,3.95734,-0.14454,-0.53814,0.18940920555696417
14400.022999942303,3.95606,-0.14454,-0.54055,0.19021325717641102
14460.024997964501,3.95541,-0.14536,-0.54297,0.19102064510963135
14520.023998618126,3.95477,-0.14454,-0.54539,0.1918280330428518
14580.02299927175,3.95413,-0.14454,-0.5478,0.19263208466229842
14640.021004155278,3.95284,-0.14454,-0.55022,0.19343947259551864
14700.016997382045,3.95219,-0.14454,-0.55264,0.19424686052873907
14760.026006028056,3.95155,-0.14454,-0.55505,0.19505091214818582
14820.026002451777,3.95026,-0.14536,-0.55747,0.19585830008140603
14880.022005736828,3.94962,-0.14536,-0.55988,0.1966623517008529
14940.022997930646,3.94898,-0.14536,-0.5623,0.1974697396340731
15000.016003847122,3.94833,-0.14454,-0.56472,0.19827712756729343
15060.022005066276,3.94705,-0.14454,-0.56713,0.1990811791867403
15120.026004686952,3.9464,-0.14536,-0.56955,0.1998885671199605
15180.01499734819,3.94576,-0.14536,-0.57196,0.20069261873940714
15240.02300016582,3.94512,-0.14536,-0.57438,0.20150000667262757
15300.019999220967,3.94447,-0.14536,-0.57679,0.20230405829207432
15360.018999874592,3.94319,-0.14454,-0.57921,0.20311144622529453
15420.01700475812,3.94254,-0.14454,-0.58163,0.20391883415851497
15480.024997517467,3.9419,-0.14536,-0.58404,0.2047228857779616
15540.023002400994,3.94126,-0.14454,-0.58646,0.20553027371118193
15600.015998259187,3.93997,-0.14536,-0.58887,0.2063343253306288
15660.024996846914,3.93933,-0.14536,-0.59129,0.207141713263849
15720.02500332892,3.93868,-0.14536,-0.59371,0.20794910119706933
15780.02000078559,3.93804,-0.14536,-0.59612,0.20875315281651607
15840.021003037691,3.93675,-0.14536,-0.59854,0.2095605407497364
15900.020999461412,3.93611,-0.14536,-0.60095,0.21036459236918326
15960.024999082088,3.93547,-0.14454,-0.60337,0.21117198030240347
16020.018004998565,3.93482,-0.14536,-0.60578,0.21197603192185033
16080.02200461924,3.93418,-0.14454,-0.6082,0.21278341985507054
16140.022001042962,3.93289,-0.14536,-0.61062,0.21359080778829087
16200.021001696587,3.93225,-0.14454,-0.61303,0.21439485940773773
16260.022003948689,3.93161,-0.14536,-0.61545,0.21520224734095794
16320.026003569365,3.93096,-0.14454,-0.61786,0.21600629896040457
16380.025004222989,3.93032,-0.14454,-0.62028,0.216813686893625
16440.017004311085,3.92903,-0.14536,-0.62269,0.21761773851307176
16500.02100393176,3.92839,-0.14536,-0.62511,0.2184251264462922
16560.022006183863,3.92775,-0.14454,-0.62753,0.2192325143795124
16620.01900523901,3.9271,-0.14454,-0.62994,0.22003656599895904
16680.018005892634,3.92582,-0.14454,-0.63236,0.22084395393217948
16740.01600071788,3.92517,-0.14454,-0.63477,0.22164800555162623
16800.017998740077,3.92453,-0.14536,-0.63719,0.22245539348484644
16860.0169993937,3.92389,-0.14536,-0.63961,0.22326278141806688
16920.017005875707,3.92324,-0.14454,-0.64202,0.2240668330375135
16980.022997036576,3.9226,-0.14454,-0.64444,0.22487422097073384
17040.01699872315,3.92196,-0.14536,-0.64685,0.2256782725901807
17100.015999376774,3.92131,-0.14536,-0.64927,0.2264856605234009
17160.022000595927,3.92067,-0.14536,-0.65169,0.22729304845662124
17220.025004446507,3.92003,-0.14454,-0.6541,0.22809710007606798
17280.02400510013,3.91938,-0.14536,-0.65652,0.2289044880092883
17340.019998326898,3.9181,-0.14536,-0.65893,0.22970853962873494
17400.016001611948,3.91745,-0.14454,-0.66135,0.23051592756195538
17460.01599803567,3.91681,-0.14536,-0.66377,0.2313233154951757
17520.02500668168,3.91617,-0.14454,-0.66618,0.23212736711462234
17580.023001506925,3.91552,-0.14454,-0.6686,0.23293475504784278
17640.024003759027,3.91488,-0.14454,-0.67101,0.2337388066672894
17700.021002814174,3.91424,-0.14454,-0.67343,0.23454619460050974
17760.016000270844,3.91359,-0.14536,-0.67585,0.23535358253373018
17820.022997260094,3.91295,-0.14454,-0.67826,0.2361576341531768
17880.020006373525,3.91166,-0.14454,-0.68068,0.23696502208639714
17940.01800119877,3.91102,-0.14454,-0.6831,0.23777241001961757
18000.0260040164,3.91038,-0.14454,-0.68551,0.2385764616390642
18060.023998841643,3.90973,-0.14454,-0.68793,0.23938384957228465
18120.019006356597,3.90909,-0.14536,-0.69034,0.24018790119173128
18180.019998550415,3.90845,-0.14536,-0.69276,0.2409952891249516
18240.02000503242,3.9078,-0.14536,-0.69518,0.24180267705817204
18300.022998824716,3.90716,-0.14536,-0.69759,0.24260672867761868
18360.024996846914,3.90652,-0.14536,-0.70001,0.243414116610839
18420.025999099016,3.90523,-0.14536,-0.70242,0.24421816823028575
18480.019005015492,3.90459,-0.14454,-0.70484,0.24502555616350608
18540.024000406265,3.90394,-0.14536,-0.70725,0.24582960778295282
18600.02300105989,3.9033,-0.14454,-0.70967,0.24663699571617315
18660.021005943418,3.9033,-0.14454,-0.71209,0.24744438364939347
18720.016003400087,3.90201,-0.14536,-0.7145,0.24824843526884022
18780.02099879086,3.90137,-0.14454,-0.71692,0.24905582320206054
18840.026004239917,3.90073,-0.14536,-0.71933,0.2498598748215073
18900.018004328012,3.90008,-0.14454,-0.72175,0.2506672627547276
18960.018000751734,3.89944,-0.14454,-0.72417,0.25147465068794794
19020.019003003836,3.8988,-0.14454,-0.72658,0.2522787023073947
19080.028001591563,3.89815,-0.14454,-0.729,0.253086090240615
19140.02500064671,3.89751,-0.14454,-0.73141,0.25389014186006165
19200.01999810338,3.89687,-0.14454,-0.73383,0.2546975297932821
19260.02300195396,3.89622,-0.14536,-0.73625,0.2555049177265024
19320.022002607584,3.89558,-0.14536,-0.73866,0.25630896934594904
19380.024000629783,3.89494,-0.14536,-0.74108,0.2571163572791695
19440.023001283407,3.89429,-0.14454,-0.74349,0.2579204088986161
19500.017998740077,3.89365,-0.14536,-0.74591,0.25872779683183644
19560.018005222082,3.89301,-0.14454,-0.74833,0.2595351847650569
19620.0189974159,3.89236,-0.14536,-0.75074,0.2603392363845035
19680.017002299428,3.89172,-0.14536,-0.75316,0.26114662431772395
19740.026000887156,3.89108,-0.14454,-0.75557,0.2619506759371706
19800.02500154078,3.89043,-0.14536,-0.75799,0.2627580638703909
19860.017001628876,3.88979,-0.14454,-0.76041,0.26356545180361135
19920.02199701965,3.88915,-0.14536,-0.76282,0.264369503423058
19980.017004534602,3.8885,-0.14454,-0.76524,0.2651768913562783
20040.021999925375,3.88786,-0.14536,-0.76765,0.26598094297572505
20100.02200640738,3.88721,-0.14536,-0.77007,0.2667883309089454
20160.0220028311,3.88657,-0.14454,-0.77249,0.2675957188421657
20220.0240008533,3.88593,-0.14536,-0.7749,0.26839977046161245
20280.023001506925,3.88464,-0.14454,-0.77732,0.2692071583948328
20340.017003193498,3.88464,-0.14454,-0.77973,0.2700112100142794
20400.016003847122,3.884,-0.14536,-0.78215,0.27081859794749985
20460.023000836372,3.88335,-0.14454,-0.78457,0.2716259858807202
20520.0210057199,3.88271,-0.14536,-0.78698,0.2724300375001668
20580.028998479247,3.88207,-0.14536,-0.7894,0.27323742543338725
20640.02300016582,3.88142,-0.14454,-0.79181,0.2740414770528339
20700.02499818802,3.88078,-0.14454,-0.79423,0.2748488649860542
20760.02600044012,3.88014,-0.14454,-0.79665,0.27565625291927465
20820.025996863842,3.87949,-0.14536,-0.79906,0.2764603045387213
20880.021004378796,3.87885,-0.14536,-0.80148,0.2772676924719416
20940.01899920404,3.87821,-0.14536,-0.80389,0.27807174409138835
21000.022998824716,3.87756,-0.14536,-0.80631,0.2788791320246087
21060.01800633967,3.87628,-0.14454,-0.80873,0.2796865199578289
21120.02399750054,3.87563,-0.14454,-0.81114,0.28049057157727575
21180.017999187112,3.87499,-0.14536,-0.81356,0.2812979595104961
21240.018005669117,3.87435,-0.14536,-0.81597,0.2821020111299428
21300.025002658367,3.8737,-0.14536,-0.81839,0.28290939906316315
21360.01900434494,3.87306,-0.14454,-0.82081,0.28371678699638336
21420.021998137236,3.87242,-0.14536,-0.82322,0.2845208386158302
21480.02599775791,3.87177,-0.14454,-0.82564,0.28532822654905055
21540.02400264144,3.87113,-0.14454,-0.82805,0.2861322781684973
21600.028002262115,3.87049,-0.14536,-0.83047,0.2869396661017176
21660.020998120308,3.86984,-0.14536,-0.83289,0.28774705403493783
21720.019998773932,3.8692,-0.14454,-0.8353,0.2885511056543847
21780.016002058983,3.86856,-0.14454,-0.83772,0.289358493587605
21840.02600647509,3.86791,-0.14454,-0.84013,0.29016254520705176
21900.01600496471,3.86727,-0.14536,-0.84255,0.2909699331402721
21960.020004585385,3.86663,-0.14536,-0.84497,0.2917773210734923
22020.017003640532,3.86598,-0.14536,-0.84738,0.29258137269293916
22080.017000064254,3.86534,-0.14536,-0.8498,0.2933887606261595
22140.020003914833,3.8647,-0.14454,-0.85221,0.2941928122456061
22200.021006166935,3.86405,-0.14454,-0.85463,0.29500020017882655
22260.02500578761,3.86341,-0.14454,-0.85705,0.29580758811204677
22320.022004842758,3.86277,-0.14454,-0.85946,0.2966116397314935
22380.017998069525,3.86212,-0.14454,-0.86188,0.29741902766471395
22440.016002953053,3.86148,-0.14536,-0.86429,0.2982230792841606
22500.022999942303,3.86084,-0.14454,-0.86671,0.2990304672173808
22560.017001628876,3.86019,-0.14536,-0.86912,0.29983451883682766
22620.018999651074,3.85955,-0.14454,-0.87154,0.300641906770048
22680.020001903176,3.85891,-0.14454,-0.87396,0.3014492947032682
22740.024001523852,3.85826,-0.14536,-0.87637,0.30225334632271506
22800.018003210425,3.85762,-0.14536,-0.87879,0.30306073425593527
22860.02099700272,3.85698,-0.14454,-0.8812,0.303864785875382
22920.01800611615,3.85633,-0.14454,-0.88362,0.30467217380860245
22980.023001506925,3.85569,-0.14454,-0.88604,0.30547956174182267
23040.017998963594,3.85505,-0.14454,-0.88845,0.3062836133612693
23100.019996985793,3.8544,-0.14454,-0.89087,0.30709100129448974
23160.020999237895,3.85376,-0.14454,-0.89328,0.3078950529139365
23220.01999989152,3.85312,-0.14454,-0.8957,0.3087024408471569
23280.019000545144,3.85247,-0.14454,-0.89811,0.30950649246660356
23340.01599960029,3.85183,-0.14536,-0.90053,0.31031388039982377
23400.016006082296,3.85119,-0.14536,-0.90295,0.3111212683330443
23460.018999874592,3.85054,-0.14454,-0.90536,0.31192531995249095
23520.02099789679,3.8499,-0.14536,-0.90778,0.31273270788571117
23580.022000148892,3.84926,-0.14536,-0.91019,0.313536759505158
23640.023002400994,3.84861,-0.14536,-0.91261,0.31434414743837824
23700.022998824716,3.84797,-0.14536,-0.91503,0.31515153537159857
23760.02300530672,3.84668,-0.14454,-0.91744,0.3159555869910454
23820.022005960345,3.84604,-0.14454,-0.91986,0.31676297492426564
23880.02100661397,3.84604,-0.14536,-0.92227,0.3175670265437125
23940.016999840736,3.84475,-0.14536,-0.92469,0.3183744144769327
24000.01600049436,3.84411,-0.14454,-0.9271,0.31917846609637957
24060.022001713514,3.84347,-0.14454,-0.92952,0.3199858540295999
24120.01900076866,3.84282,-0.14454,-0.93194,0.3207932419628201
24180.018001422286,3.84218,-0.14454,-0.93435,0.32159729358226696
24240.02400264144,3.84154,-0.14536,-0.93677,0.3224046815154872
24300.018004328012,3.84089,-0.14536,-0.93918,0.3232087331349339
24360.017004981637,3.84025,-0.14536,-0.9416,0.32401612106815436
24420.019003003836,3.83961,-0.14536,-0.94401,0.324820172687601
24480.02199679613,3.83896,-0.14454,-0.94643,0.3256275606208212
24540.017004311085,3.83832,-0.14454,-0.94885,0.32643494855404176
24600.018006563187,3.83768,-0.14454,-0.95126,0.3272390001734884
24660.025003552437,3.83639,-0.14454,-0.95368,0.3280463881067086
24720.017003640532,3.83575,-0.14536,-0.95609,0.32885043972615546
24780.023004859686,3.8351,-0.14454,-0.95851,0.3296578276593757
24840.025002881885,3.83446,-0.14536,-0.96092,0.3304618792788224
24900.01700296998,3.83382,-0.14536,-0.96334,0.33126926721204286
24960.021002590656,3.83317,-0.14536,-0.96576,0.3320766551452631
25020.018001645803,3.83253,-0.14536,-0.96817,0.3328807067647098
25080.022997036576,3.83189,-0.14536,-0.97059,0.33368809469793015
25140.01800455153,3.83124,-0.14536,-0.973,0.3344921463173769
25200.02000257373,3.8306,-0.14454,-0.97542,0.3352995342505972
25260.023006424308,3.82996,-0.14536,-0.97784,0.33610692218381755
25320.026000216603,3.82867,-0.14454,-0.98025,0.3369109738032642
25380.020997673273,3.82803,-0.14536,-0.98267,0.33771836173648473
25440.019998326898,3.82738,-0.14536,-0.98508,0.33852241335593136
25500.02200640738,3.82674,-0.14536,-0.9875,0.3393298012891517
25560.025000199676,3.8261,-0.14536,-0.98991,0.34013385290859843
25620.026002451777,3.82545,-0.14536,-0.99233,0.34094124084181865
25680.0150051713,3.82481,-0.14454,-0.99475,0.3417486287750391
25740.015997365117,3.82417,-0.14536,-0.99716,0.34255268039448583
25800.016003847122,3.82288,-0.14536,-0.99958,0.34336006832770605
25860.024006664753,3.82224,-0.14454,-1.002,0.3441674562609265
25920.024003088474,3.82159,-0.14454,-1.00441,0.3449715078803731
25980.0230037421,3.82095,-0.14454,-1.00683,0.34577889581359345
26040.0240059942,3.8203,-0.14536,-1.00924,0.3465829474330402
26100.02499818802,3.81966,-0.14536,-1.01166,0.3473903353662605
26160.018999874592,3.81902,-0.14536,-1.01407,0.34819438698570726
26220.020002126694,3.81837,-0.14454,-1.01649,0.3490017749189276
26280.016005411744,3.81773,-0.14536,-1.01891,0.3498091628521479
26340.018003433943,3.81709,-0.14536,-1.02132,0.35061321447159466
26400.02099722624,3.8158,-0.14536,-1.02374,0.351420602404815
26460.019002109766,3.81516,-0.14454,-1.02615,0.3522246540242616
26520.02500332892,3.81451,-0.14536,-1.02857,0.35303204195748206
26580.02499975264,3.81387,-0.14536,-1.03098,0.3538360935769288
26640.025006234646,3.81323,-0.14536,-1.0334,0.35464348151014913
26700.02800002694,3.81258,-0.14536,-1.03582,0.35545086944336945
26760.01799851656,3.81194,-0.14454,-1.03823,0.3562549210628161
26820.014997571707,3.8113,-0.14536,-1.04065,0.3570623089960365
26880.02200461924,3.81065,-0.14536,-1.04306,0.35786636061548327
26940.021005272865,3.81001,-0.14454,-1.04548,0.3586737485487035
27000.021997466683,3.80872,-0.14454,-1.0479,0.3594811364819239
27060.02599708736,3.80808,-0.14536,-1.05031,0.36028518810137056
27120.01600563526,3.80744,-0.14536,-1.05273,0.3610925760345909
27180.016002058983,3.80679,-0.14454,-1.05514,0.36189662765403763
27240.019005909562,3.80615,-0.14536,-1.05756,0.36270401558725796
27300.024001300335,3.80551,-0.14454,-1.05997,0.3635080672067047
27360.027005150914,3.80422,-0.14454,-1.06239,0.364315455139925
27420.015997812152,3.80358,-0.14536,-1.06481,0.36512284307314535
27480.024000629783,3.80293,-0.14536,-1.06722,0.3659268946925921
27540.02599865198,3.80229,-0.14536,-1.06964,0.3667342826258124
27600.026005133986,3.80165,-0.14454,-1.07205,0.36753833424525906
27660.016003623605,3.801,-0.14536,-1.07447,0.3683457221784795
27720.0189974159,3.79972,-0.14536,-1.07689,0.3691531101116998
27780.021005496383,3.79907,-0.14454,-1.0793,0.36995716173114646
27840.02500511706,3.79843,-0.14536,-1.08172,0.3707645496643669
27900.022999942303,3.79779,-0.14536,-1.08413,0.3715686012838135
27960.024002194405,3.79714,-0.14536,-1.08655,0.37237598921703385
28020.018003880978,3.7965,-0.14536,-1.08897,0.3731833771502543
28080.022003501654,3.79586,-0.14536,-1.09138,0.3739874287697009
28140.023005753756,3.79457,-0.14454,-1.0938,0.37479481670292136
28200.016997382045,3.79393,-0.14536,-1.09622,0.3756022046361417
28260.017999634147,3.79328,-0.14536,-1.09863,0.3764062562555883
28320.01700028777,3.79264,-0.14454,-1.10105,0.37721364418880876
28380.022005736828,3.79135,-0.14536,-1.10346,0.3780176958082554
28440.0270011276,3.79071,-0.14536,-1.10588,0.3788250837414757
28500.016003847122,3.79007,-0.14454,-1.10829,0.37962913536092247
28560.024006664753,3.78942,-0.14454,-1.11071,0.3804365232941428
28620.0210057199,3.78878,-0.14454,-1.11313,0.3812439112273631
28680.020006373525,3.78814,-0.14454,-1.11554,0.38204796284680986
28740.015003830194,3.78749,-0.14454,-1.11796,0.3828553507800302
28800.023006647825,3.78621,-0.14536,-1.12037,0.38365940239947693
28860.02600044012,3.78556,-0.14454,-1.12279,0.38446679033269726
28920.022999495268,3.78492,-0.14454,-1.12521,0.3852741782659176
28980.01700118184,3.78363,-0.14536,-1.12762,0.38607822988536433
29040.02599976957,3.78299,-0.14536,-1.13004,0.38688561781858466
29100.017004087567,3.78235,-0.14454,-1.13245,0.3876896694380313
29160.01499891281,3.78106,-0.14454,-1.13487,0.38849705737125173
29220.018998533487,3.78042,-0.14536,-1.13729,0.38930444530447195
29280.02100661397,3.77977,-0.14454,-1.1397,0.3901084969239187
29340.02300463617,3.77913,-0.14454,-1.14212,0.39091588485713913
29400.025002658367,3.77849,-0.14536,-1.14453,0.39171993647658576
29460.027000680566,3.77784,-0.14454,-1.14695,0.3925273244098061
29520.016999170184,3.7772,-0.14536,-1.14936,0.39333137602925283
29580.018997192383,3.77591,-0.14536,-1.15178,0.39413876396247316
29640.016006305814,3.77527,-0.14536,-1.1542,0.3949461518956935
29700.02500489354,3.77463,-0.14454,-1.15661,0.39575020351514023
29760.024005547166,3.77334,-0.14536,-1.15903,0.39655759144836056
29820.017997175455,3.7727,-0.14454,-1.16144,0.3973616430678073
29880.02500422299,3.77205,-0.14454,-1.16386,0.39816903100102763
29940.020997449756,3.77077,-0.14454,-1.16628,0.39897641893424796
30000.02100393176,3.77012,-0.14536,-1.16869,0.3997804705536947
30060.020004585385,3.76948,-0.14454,-1.17111,0.400587858486915
30120.015002042055,3.76884,-0.14454,-1.17352,0.40139191010636166
30180.01900166273,3.76755,-0.14454,-1.17594,0.4021992980395821
30240.023001283407,3.76691,-0.14454,-1.17836,0.4030066859728024
30300.020000338554,3.76626,-0.14454,-1.18077,0.40381073759224917
30360.01900099218,3.76562,-0.14536,-1.18319,0.4046181255254694
30420.0189974159,3.76433,-0.14536,-1.1856,0.40542217714491613
30480.01500070095,3.76369,-0.14536,-1.18802,0.40622956507813657
30540.02500511706,3.76305,-0.14536,-1.19044,0.4070369530113568
30600.024005770683,3.76176,-0.14536,-1.19285,0.4078410046308035
30660.024002194405,3.76112,-0.14454,-1.19527,0.40864839256402385
30720.015006512403,3.75983,-0.14454,-1.19768,0.4094524441834706
30780.0180003047,3.75919,-0.14536,-1.2001,0.4102598321166909
30840.024001523852,3.75854,-0.14536,-1.20251,0.41106388373613767
30900.02599954605,3.75726,-0.14454,-1.20493,0.411871271669358
30960.02099700272,3.75661,-0.14536,-1.20734,0.41267532328880474
31020.0240008533,3.75597,-0.14454,-1.20976,0.41348271122202507
31080.022005736828,3.75533,-0.14454,-1.21218,0.4142900991552454
31140.026005357504,3.75404,-0.14536,-1.21459,0.41509415077469214
31200.014002248645,3.75339,-0.14536,-1.21701,0.41590153870791235
31260.017006099224,3.75211,-0.14536,-1.21942,0.4167055903273591
31320.015000924468,3.75146,-0.14454,-1.22184,0.41751297826057954
31380.01600317657,3.75018,-0.14536,-1.22426,0.41832036619379975
31440.01599960029,3.74953,-0.14536,-1.22667,0.4191244178132465
31500.0260040164,3.74889,-0.14454,-1.22909,0.4199318057464668
31560.016002506018,3.7476,-0.14454,-1.2315,0.42073585736591357
31620.025001093745,3.74696,-0.14536,-1.23392,0.4215432452991339
31680.023005977273,3.74567,-0.14536,-1.23634,0.4223506332323542
31740.016001835465,3.74503,-0.14454,-1.23875,0.42315468485180097
31800.024004653096,3.74374,-0.14454,-1.24117,0.4239620727850213
31860.026002675295,3.7431,-0.14454,-1.24358,0.42476612440446804
31920.018998533487,3.74181,-0.14454,-1.246,0.42557351233768836
31980.02000078559,3.74117,-0.14536,-1.24841,0.4263775639571351
32040.02100303769,3.73988,-0.14536,-1.25083,0.42718495189035544
32100.022005289793,3.73924,-0.14454,-1.25325,0.42799233982357576
32160.02600491047,3.73795,-0.14536,-1.25566,0.4287963914430225
32220.02600133419,3.73731,-0.14454,-1.25808,0.42960377937624283
32280.01700565219,3.73602,-0.14536,-1.26049,0.4304078309956896
32340.019003674388,3.73538,-0.14454,-1.26291,0.4312152189289098
32400.02000592649,3.73409,-0.14454,-1.26533,0.43202260686213023
32460.02200394869,3.73345,-0.14454,-1.26774,0.432826658481577
32520.02699933946,3.73216,-0.14536,-1.27016,0.4336340464147972
32580.02300262451,3.73152,-0.14536,-1.27257,0.43443809803424394
32640.01800008118,3.73023,-0.14536,-1.27499,0.43524548596746426
32700.019002333283,3.72959,-0.14454,-1.2774,0.436049537586911
32760.022006183863,3.7283,-0.14536,-1.27982,0.43685692552013133
32820.01700364053,3.72766,-0.14454,-1.28223,0.4376609771395781
32880.017000064254,3.72637,-0.14454,-1.28465,0.4384683650727984
32940.018002316356,3.72573,-0.14536,-1.28707,0.43927575300601873
33000.028006732464,3.72444,-0.14536,-1.28948,0.4400798046254655
33060.02600155771,3.72316,-0.14536,-1.2919,0.4408871925586858
33120.01700587571,3.72251,-0.14536,-1.29431,0.44169124417813255
33180.019003897905,3.72123,-0.14454,-1.29673,0.44249863211135276
33240.01900032163,3.72058,-0.14536,-1.29915,0.4433060200445732
33300.0229999423,3.7193,-0.14454,-1.30156,0.44411007166401995
33360.02600379288,3.71865,-0.14536,-1.30398,0.44491745959724016
33420.0260002166,3.71737,-0.14454,-1.30639,0.4457215112166869
33480.022003501654,3.71672,-0.14536,-1.30881,0.44652889914990723
33540.01799672842,3.71544,-0.14454,-1.31122,0.447332950769354
33600.0200048089,3.71479,-0.14454,-1.31364,0.4481403387025743
33660.0220028311,3.71351,-0.14536,-1.31606,0.44894772663579463
33720.01800611615,3.71286,-0.14454,-1.31847,0.4497517782552414
33780.02700470388,3.71158,-0.14536,-1.32089,0.4505591661884617
33840.02200216055,3.71093,-0.14536,-1.3233,0.45136321780790845
33900.01999698579,3.70965,-0.14536,-1.32572,0.4521706057411288
33960.02400666475,3.709,-0.14454,-1.32814,0.4529779936743491
34020.01500092447,3.70772,-0.14536,-1.33055,0.45378204529379573
34080.0230037421,3.70707,-0.14536,-1.33297,0.45458943322701617
34140.015003830194,3.70643,-0.14536,-1.33538,0.4553934848464629
34200.015000253916,3.70514,-0.14454,-1.3378,0.45620087277968324
34260.01899987459,3.7045,-0.14536,-1.34022,0.45700826071290357
34320.01599892974,3.70386,-0.14536,-1.34263,0.4578123123323502
34380.021004378796,3.70257,-0.14454,-1.34505,0.45861970026557064
34440.0220066309,3.70193,-0.14536,-1.34746,0.4594237518850174
34500.022998824716,3.70128,-0.14454,-1.34988,0.4602311398182376
34560.02800427377,3.7,-0.14454,-1.3523,0.46103852775145804
34620.0270049274,3.69935,-0.14454,-1.35471,0.46184257937090467
34680.024003982544,3.69871,-0.14536,-1.35713,0.462649967304125
34740.01600407064,3.69742,-0.14536,-1.35954,0.46345401892357174
34800.018997862935,3.69678,-0.14454,-1.36196,0.46426140685679207
34860.01700274646,3.69614,-0.14454,-1.36437,0.4650654584762388
34920.021998137236,3.69485,-0.14454,-1.36679,0.46587284640945914
34980.02300038934,3.69421,-0.14454,-1.3692,0.4666768980289059
35040.01900367439,3.69356,-0.14454,-1.37162,0.4674842859621262
35100.023003295064,3.69292,-0.14454,-1.37404,0.46829167389534654
35160.02200394869,3.69228,-0.14454,-1.37645,0.46909572551479317
35220.024997740984,3.69163,-0.14536,-1.37887,0.4699031134480136
35280.02500422299,3.69035,-0.14536,-1.38129,0.47071050138123394
35340.01900590956,3.6897,-0.14454,-1.3837,0.47151455300068057
35400.017000734806,3.68906,-0.14454,-1.38612,0.472321940933901
35460.02100035548,3.68842,-0.14454,-1.38853,0.47312599255334764
35520.027001574636,3.68713,-0.14454,-1.39095,0.47393338048656797
35580.02100326121,3.68713,-0.14536,-1.39336,0.4747374321060147
35640.02300128341,3.68648,-0.14536,-1.39578,0.47554482003923504
35700.01700296998,3.6852,-0.14536,-1.39819,0.4763488716586818
35760.02899892628,3.68455,-0.14536,-1.40061,0.4771562595919021
35820.024006441236,3.68391,-0.14454,-1.40303,0.47796364752512244
35880.02800606191,3.68327,-0.14454,-1.40544,0.4787676991445692
35940.021001920104,3.68262,-0.14454,-1.40786,0.4795750870777895
36000.01800097525,3.68198,-0.14454,-1.41027,0.48037913869723614
36060.02699956298,3.68134,-0.14454,-1.41269,0.4811865266304566
36120.02500444651,3.68069,-0.14536,-1.41511,0.4819939145636769
36180.0170045346,3.67941,-0.14454,-1.41752,0.48279796618312354
36240.023005753756,3.67876,-0.14536,-1.41994,0.483605354116344
36300.023997947574,3.67812,-0.14454,-1.42235,0.4844094057357906
36360.0220028311,3.67748,-0.14536,-1.42477,0.48521679366901105
36420.01900188625,3.67683,-0.14454,-1.42719,0.4860241816022314
36480.02099990845,3.67619,-0.14454,-1.4296,0.486828233221678
36540.01599736512,3.67555,-0.14454,-1.43202,0.48763562115489845
36600.01699961722,3.6749,-0.14454,-1.43443,0.4884396727743451
36660.01800186932,3.67426,-0.14454,-1.43685,0.4892470607075654
36720.02499885857,3.67362,-0.14454,-1.43927,0.49005444864078584
36780.025005340576,3.67297,-0.14536,-1.44168,0.4908585002602325
36840.02300016582,3.67233,-0.14454,-1.4441,0.4916658881934528
36900.0160060823,3.67169,-0.14536,-1.44651,0.49246993981289955
36960.01499667764,3.67104,-0.14536,-1.44893,0.4932773277461199
37020.02799846232,3.6704,-0.14536,-1.45135,0.4940847156793402
37080.02200014889,3.66976,-0.14536,-1.45376,0.49488876729878695
37140.01800343394,3.66911,-0.14536,-1.45618,0.4956961552320073
37200.02700202167,3.66847,-0.14454,-1.45859,0.496500206851454
37260.01499891281,3.66783,-0.14454,-1.46101,0.49730759478467434
37320.02000436187,3.66718,-0.14454,-1.46342,0.498111646404121
37380.024003982544,3.66654,-0.14536,-1.46584,0.4989190343373414
37440.01699984074,3.6659,-0.14454,-1.46826,0.49972642227056163
37500.02399682999,3.66525,-0.14536,-1.47067,0.5005304738900084
37560.02600491047,3.66461,-0.14536,-1.47309,0.5013378618232287
37620.01600340009,3.66397,-0.14454,-1.4755,0.5021419134426754
37680.02700358629,3.66332,-0.14536,-1.47792,0.5029493013758958
37740.01700207591,3.66332,-0.14454,-1.48034,0.5037566893091161
37800.02600066364,3.66204,-0.14536,-1.48275,0.5045607409285628
37860.02200394869,3.66139,-0.14536,-1.48517,0.5053681288617833
37920.01700140536,3.66139,-0.14536,-1.48758,0.5061721804812298
37980.01899942756,3.66075,-0.14454,-1.49,0.5069795684144502
38040.020997449756,3.66011,-0.14454,-1.49241,0.507783620033897
38100.02900026739,3.65882,-0.14454,-1.49483,0.5085910079671174
38160.03000251949,3.65818,-0.14454,-1.49725,0.5093983959003376
38220.02499997616,3.65753,-0.14536,-1.49966,0.5102024475197844
38280.02400062978,3.65753,-0.14454,-1.50208,0.5110098354530047
38340.02200551331,3.65689,-0.14536,-1.50449,0.5118138870724515
38400.01700296998,3.65625,-0.14536,-1.50691,0.5126212750056718
38460.02500578761,3.6556,-0.14454,-1.50933,0.5134286629388921
38520.02500221133,3.65496,-0.14536,-1.51174,0.5142327145583389
38580.026004463434,3.65432,-0.14454,-1.51416,0.5150401024915592
38640.01900032163,3.65367,-0.14536,-1.51657,0.5158441541110058
38700.017005205154,3.65367,-0.14536,-1.51899,0.5166515420442261
38760.01600585878,3.65303,-0.14536,-1.5214,0.5174555936636729
38820.01800388098,3.65239,-0.14454,-1.52382,0.5182629815968932
38880.02600669861,3.65174,-0.14536,-1.52624,0.5190703695301135
38940.0190025568,3.6511,-0.14536,-1.52865,0.5198744211495603
39000.01899898052,3.65046,-0.14454,-1.53107,0.5206818090827806
39060.025000199676,3.64981,-0.14536,-1.53349,0.5214891970160009
39120.02899982035,3.64917,-0.14454,-1.5359,0.5222932486354477
39180.02000413835,3.64853,-0.14536,-1.53832,0.523100636568668
39240.02499952912,3.64788,-0.14536,-1.54073,0.5239046881881146
39300.0180054456,3.64788,-0.14536,-1.54315,0.5247120761213351
39360.02400666475,3.64724,-0.14536,-1.54557,0.5255194640545555
39420.015996694565,3.6466,-0.14454,-1.54798,0.526323515674002
39480.02899847925,3.64595,-0.14536,-1.5504,0.5271309036072225
39540.025997534394,3.64531,-0.14536,-1.55281,0.5279349552266692
39600.02400241792,3.64531,-0.14536,-1.55523,0.5287423431598894
39660.021997243166,3.64467,-0.14454,-1.55764,0.5295463947793362
39720.025001093745,3.64402,-0.14454,-1.56006,0.5303537827125566
39780.02499751747,3.64338,-0.14536,-1.56248,0.531161170645777
39840.0220066309,3.64274,-0.14536,-1.56489,0.5319652222652236
39900.01599825919,3.64209,-0.14536,-1.56731,0.532772610198444
39960.01499891281,3.64209,-0.14454,-1.56972,0.5335766618178907
40020.01699693501,3.64145,-0.14454,-1.57214,0.534384049751111
40080.02299815416,3.64081,-0.14536,-1.57456,0.5351914376843314
40140.02199880779,3.64016,-0.14454,-1.57697,0.535995489303778
40200.01800209284,3.63952,-0.14454,-1.57939,0.5368028772369984
40260.027000680566,3.63888,-0.14536,-1.5818,0.5376069288564451
40320.016999170184,3.63823,-0.14536,-1.58422,0.5384143167896654
40380.01899719238,3.63759,-0.14536,-1.58664,0.5392217047228858
40440.02700001001,3.63759,-0.14454,-1.58905,0.5400257563423325
40500.028002262115,3.63695,-0.14454,-1.59147,0.5408331442755528
40560.024005547166,3.6363,-0.14536,-1.59388,0.5416371958949995
40620.026003569365,3.63566,-0.14454,-1.5963,0.5424445838282199
40680.02800159156,3.63566,-0.14536,-1.59871,0.5432486354476667
40740.02000167966,3.63502,-0.14536,-1.60113,0.5440560233808869
40800.01999810338,3.63437,-0.14454,-1.60355,0.5448634113141073
40860.02100035548,3.63373,-0.14454,-1.60596,0.5456674629335541
40920.015002042055,3.63309,-0.14454,-1.60838,0.5464748508667743
40980.02500645816,3.63309,-0.14454,-1.61079,0.547278902486221
41040.018002316356,3.63244,-0.14454,-1.61321,0.5480862904194415
41100.02200193703,3.6318,-0.14454,-1.61563,0.5488936783526617
41160.01800522208,3.63116,-0.14454,-1.61804,0.5496977299721084
41220.02200484276,3.63051,-0.14536,-1.62046,0.5505051179053289
41280.02400286496,3.63051,-0.14454,-1.62287,0.5513091695247755
41340.02399928868,3.62987,-0.14454,-1.62529,0.5521165574579958
41400.02000257373,3.62923,-0.14536,-1.6277,0.5529206090774426
41460.01600585878,3.62858,-0.14536,-1.63012,0.5537279970106629
41520.027006044984,3.62794,-0.14536,-1.63254,0.5545353849438832
41580.0279982388,3.62794,-0.14536,-1.63495,0.55533943656333
41640.030006319284,3.6273,-0.14454,-1.63737,0.5561468244965503
41700.016997382045,3.62665,-0.14454,-1.63978,0.5569508761159969
41760.0229986012,3.62601,-0.14454,-1.6422,0.5577582640492174
41820.0230050832,3.62601,-0.14454,-1.64461,0.558562315668664
41880.01800253987,3.62537,-0.14536,-1.64703,0.5593697036018843
41940.02400375903,3.62472,-0.14536,-1.64945,0.5601770915351048
42000.01999698579,3.62408,-0.14536,-1.65186,0.5609811431545515
42060.027999803424,3.62344,-0.14536,-1.65428,0.5617885310877717
42120.01799829304,3.62279,-0.14536,-1.65669,0.5625925827072185
42180.02199791372,3.62279,-0.14454,-1.65911,0.5633999706404389
42240.02200439572,3.62215,-0.14536,-1.66153,0.5642073585736591
42300.02100504935,3.6215,-0.14454,-1.66394,0.5650114101931059
42360.02600044012,3.6215,-0.14536,-1.66636,0.5658187981263263
42420.018000528216,3.62086,-0.14454,-1.66877,0.5666228497457729
42480.028004944324,3.62022,-0.14454,-1.67119,0.5674302376789933
42540.023002400994,3.61957,-0.14536,-1.67361,0.5682376256122136
42600.02099722624,3.61957,-0.14536,-1.67602,0.5690416772316603
42660.01600474119,3.61893,-0.14454,-1.67844,0.5698490651648807
42720.022005960345,3.61829,-0.14536,-1.68085,0.5706531167843274
42780.02100661397,3.61764,-0.14454,-1.68327,0.5714605047175477
42840.01699984074,3.617,-0.14536,-1.68569,0.572267892650768
42900.025998428464,3.617,-0.14536,-1.6881,0.5730719442702148
42960.02400331199,3.61636,-0.14454,-1.69052,0.573879332203435
43020.02100236714,3.61571,-0.14536,-1.69293,0.5746833838228818
43080.02200461924,3.61571,-0.14454,-1.69535,0.5754907717561021
43140.02600423992,3.61507,-0.14536,-1.69777,0.5762981596893224
43200.014996901155,3.61443,-0.14454,-1.70018,0.5771022113087692
43260.02500131726,3.61443,-0.14454,-1.7026,0.5779095992419895
43320.017997175455,3.61378,-0.14454,-1.70502,0.5787169871752098
43380.02300262451,3.61314,-0.14454,-1.70743,0.5795210387946566
43440.027998015285,3.6125,-0.14536,-1.70985,0.580328426727877
43500.02499707043,3.6125,-0.14536,-1.71226,0.5811324783473235
43560.02300195396,3.61185,-0.14536,-1.71468,0.581939866280544
43620.02499997616,3.61121,-0.14536,-1.7171,0.5827472542137644
43680.018005892634,3.61057,-0.14454,-1.71951,0.583551305833211
43740.01600071788,3.61057,-0.14536,-1.72193,0.5843586937664313
43800.01700296998,3.60992,-0.14536,-1.72434,0.5851627453858781
43860.01900099218,3.60928,-0.14454,-1.72676,0.5859701333190984
43920.023000612855,3.60864,-0.14536,-1.72918,0.5867775212523187
43980.02900183201,3.60864,-0.14454,-1.73159,0.5875815728717655
44040.02500511706,3.60799,-0.14536,-1.73401,0.5883889608049858
44100.01800097525,3.60735,-0.14454,-1.73642,0.5891930124244324
44160.02699956298,3.60671,-0.14536,-1.73884,0.5900004003576529
44220.020005479455,3.60671,-0.14536,-1.74125,0.5908044519770995
44280.020001903176,3.60606,-0.14454,-1.74367,0.5916118399103198
44340.014999359846,3.60542,-0.14536,-1.74609,0.5924192278435403
44400.028996914625,3.60542,-0.14536,-1.7485,0.5932232794629869
44460.02900339663,3.60478,-0.14536,-1.75092,0.5940306673962072
44520.0240008533,3.60413,-0.14454,-1.75333,0.594834719015654
44580.0259988755,3.60413,-0.14536,-1.75575,0.5956421069488743
44640.02400375903,3.60349,-0.14454,-1.75817,0.5964494948820946
44700.02300441265,3.60285,-0.14536,-1.76058,0.5972535465015414
44760.020999237895,3.60285,-0.14536,-1.763,0.5980609344347617
44820.01900412142,3.6022,-0.14454,-1.76541,0.5988649860542083
44880.02699688077,3.60156,-0.14454,-1.76783,0.5996723739874288
44940.027003362775,3.60156,-0.14454,-1.77024,0.6004764256068755
45000.0160060823,3.60092,-0.14454,-1.77266,0.6012838135400957
45060.028997808695,3.60027,-0.14536,-1.77508,0.6020912014733162
45120.020002126694,3.59963,-0.14536,-1.77749,0.6028952530927629
45180.02600334585,3.59963,-0.14454,-1.77991,0.6037026410259833
45240.016001835465,3.59899,-0.14536,-1.78232,0.6045066926454299
45300.02600625157,3.59834,-0.14454,-1.78474,0.6053140805786503
45360.01700051129,3.5977,-0.14454,-1.78715,0.606118132198097
45420.02800069749,3.5977,-0.14536,-1.78957,0.6069255201313173
45480.027997121215,3.59706,-0.14454,-1.79199,0.6077329080645377
45540.02199880779,3.59641,-0.14536,-1.7944,0.6085369596839844
45600.02300105989,3.59641,-0.14454,-1.79682,0.6093443476172047
45660.02000011504,3.59577,-0.14536,-1.79923,0.6101483992366514
45720.01499757171,3.59513,-0.14454,-1.80165,0.6109557871698718
45780.018001422286,3.59513,-0.14536,-1.80406,0.6117598387893184
45840.02299681306,3.59448,-0.14454,-1.80648,0.6125672267225388
45900.01900009811,3.59384,-0.14536,-1.8089,0.6133746146557592
45960.024005547166,3.59384,-0.14536,-1.81131,0.6141786662752058
46020.02900093794,3.5932,-0.14454,-1.81373,0.6149860542084262
46080.01699782908,3.59255,-0.14454,-1.81614,0.615790105827873
46140.01800008118,3.59191,-0.14454,-1.81856,0.6165974937610932
46200.02900026739,3.59191,-0.14454,-1.82098,0.6174048816943136
46260.02100035548,3.59127,-0.14536,-1.82339,0.6182089333137604
46320.02000100911,3.59062,-0.14536,-1.82581,0.6190163212469806
46380.01600429416,3.59062,-0.14454,-1.82822,0.6198203728664273
46440.02200551331,3.58998,-0.14536,-1.83064,0.6206277607996478
46500.024999305606,3.58934,-0.14454,-1.83305,0.6214318124190944
46560.03000475466,3.58934,-0.14536,-1.83547,0.6222392003523147
46620.01500427723,3.58869,-0.14536,-1.83789,0.6230465882855352
46680.026004463434,3.58805,-0.14454,-1.8403,0.6238506399049818
46740.01600295305,3.58741,-0.14454,-1.84272,0.6246580278382021
46800.029004737735,3.58741,-0.14536,-1.84513,0.6254620794576489
46860.02300642431,3.58676,-0.14536,-1.84755,0.6262694673908692
46920.0260002166,3.58612,-0.14454,-1.84996,0.6270735190103158
46980.0180003047,3.58548,-0.14454,-1.85238,0.6278809069435363
47040.02100415528,3.58548,-0.14454,-1.8548,0.6286882948767566
47100.025003775954,3.58483,-0.14454,-1.85721,0.6294923464962032
47160.0229986012,3.58483,-0.14454,-1.85963,0.6302997344294237
47220.021003484726,3.58419,-0.14454,-1.86204,0.6311037860488703
47280.02099990845,3.58355,-0.14454,-1.86446,0.6319111739820906
47340.02100639045,3.58355,-0.14454,-1.86687,0.6327152256015374
47400.02199858427,3.5829,-0.14536,-1.86929,0.6335226135347577
47460.02300083637,3.58226,-0.14454,-1.87171,0.634330001467978
47520.01999989152,3.58162,-0.14454,-1.87412,0.6351340530874248
47580.023999512196,3.58162,-0.14454,-1.87654,0.6359414410206452
47640.02099856734,3.58097,-0.14536,-1.87896,0.6367488289538654
47700.02800561488,3.58097,-0.14454,-1.88137,0.6375528805733122
47760.02600044012,3.58033,-0.14536,-1.88379,0.6383602685065326
47820.0300000608,3.57969,-0.14454,-1.8862,0.6391643201259792
47880.02499751747,3.57904,-0.14536,-1.88862,0.6399717080591996
47940.02899713814,3.57904,-0.14454,-1.89103,0.6407757596786463
48000.019005686045,3.5784,-0.14536,-1.89345,0.6415831476118666
48060.02699844539,3.57776,-0.14536,-1.89587,0.642390535545087
48120.02800069749,3.57711,-0.14454,-1.89828,0.6431945871645337
48180.02499975264,3.57711,-0.14454,-1.9007,0.644001975097754
48240.031000971794,3.57647,-0.14536,-1.90311,0.6448060267172007
48300.02800002694,3.57583,-0.14454,-1.90553,0.6456134146504211
48360.015001147985,3.57518,-0.14454,-1.90795,0.6464208025836414
48420.021998137236,3.57518,-0.14454,-1.91036,0.6472248542030881
48480.025001987815,3.57454,-0.14536,-1.91278,0.6480322421363085
48540.016006305814,3.57454,-0.14536,-1.91519,0.6488362937557551
48600.02700649202,3.5739,-0.14536,-1.91761,0.6496436816889755
48660.019006580114,3.57325,-0.14536,-1.92003,0.6504510696221958
48720.019003003836,3.57325,-0.14536,-1.92244,0.6512551212416425
48780.01699782908,3.57261,-0.14536,-1.92486,0.6520625091748629
48840.027998015285,3.57197,-0.14536,-1.92727,0.6528665607943096
48900.01999810338,3.57197,-0.14454,-1.92969,0.6536739487275299
48960.02599932253,3.57132,-0.14536,-1.93211,0.6544813366607503
49020.02600580454,3.57068,-0.14536,-1.93452,0.655285388280197
49080.02800382674,3.57068,-0.14454,-1.93694,0.6560927762134174
49140.01700654626,3.57004,-0.14536,-1.93935,0.656896827832864
49200.020000338554,3.56939,-0.14536,-1.94177,0.6577042157660844
49260.019996762276,3.56875,-0.14536,-1.94418,0.6585082673855311
49320.02099901438,3.56875,-0.14536,-1.9466,0.6593156553187515
49380.01500070095,3.56811,-0.14536,-1.94902,0.6601230432519718
49440.01800455153,3.56746,-0.14454,-1.95143,0.6609270948714185
49500.02000257373,3.56682,-0.14536,-1.95385,0.6617344828046389
49560.024002194405,3.56618,-0.14454,-1.95626,0.6625385344240855
49620.01800388098,3.56618,-0.14536,-1.95868,0.6633459223573059
49680.027002468705,3.56553,-0.14536,-1.9611,0.6641533102905262
49740.02499729395,3.56489,-0.14536,-1.96351,0.6649573619099729
49800.02599954605,3.56489,-0.14536,-1.96593,0.6657647498431932
49860.026006028056,3.56425,-0.14454,-1.96834,0.66656880146264
49920.01700028777,3.5636,-0.14454,-1.97076,0.6673761893958603
49980.02000413835,3.5636,-0.14454,-1.97318,0.6681835773290806
50040.019004791975,3.56296,-0.14454,-1.97559,0.6689876289485274
50100.0280033797,3.56232,-0.14536,-1.97801,0.6697950168817477
50160.02300083637,3.56232,-0.14536,-1.98042,0.6705990685011944
50220.01900412142,3.56167,-0.14536,-1.98284,0.6714064564344147
50280.01800477505,3.56103,-0.14454,-1.98526,0.6722138443676351
50340.020002797246,3.56103,-0.14454,-1.98767,0.6730178959870818
50400.02400241792,3.56039,-0.14536,-1.99009,0.673825283920302
50460.030003637075,3.55974,-0.14536,-1.9925,0.6746293355397488
50520.018000528216,3.5591,-0.14536,-1.99492,0.6754367234729692
50580.026999115944,3.55846,-0.14454,-1.99733,0.676240775092416
50640.0220066309,3.55846,-0.14454,-1.99975,0.6770481630256362
50700.029999390244,3.55781,-0.14536,-2.00217,0.6778555509588566
50760.01800633967,3.55717,-0.14454,-2.00458,0.6786596025783032
50820.02500332892,3.55717,-0.14536,-2.007,0.6794669905115236
50880.02700135112,3.55653,-0.14536,-2.00941,0.6802710421309703
50940.01699984074,3.55588,-0.14454,-2.01183,0.6810784300641906
51000.020003691316,3.55524,-0.14536,-2.01425,0.681885817997411
51060.02799645066,3.55524,-0.14536,-2.01666,0.6826898696168577
51120.021998137236,3.55459,-0.14454,-2.01908,0.6834972575500782
51180.02799935639,3.55395,-0.14536,-2.02149,0.6843013091695248
51240.02600423992,3.55395,-0.14454,-2.02391,0.6851086971027451
51300.01800432801,3.55331,-0.14454,-2.02632,0.6859127487221919
51360.01500338316,3.55266,-0.14536,-2.02874,0.6867201366554121
51420.02900093794,3.55202,-0.14536,-2.03116,0.6875275245886325
51480.02500422299,3.55138,-0.14454,-2.03357,0.6883315762080793
51540.02000167966,3.55138,-0.14454,-2.03599,0.6891389641412995
51600.02800449729,3.55073,-0.14536,-2.0384,0.6899430157607463
51660.02200618386,3.55073,-0.14454,-2.04082,0.6907504036939667
51720.02600580454,3.55009,-0.14454,-2.04324,0.6915577916271869
51780.01999743283,3.54945,-0.14454,-2.04565,0.6923618432466337
51840.03099761903,3.5488,-0.14536,-2.04807,0.6931692311798541
51900.028006732464,3.54816,-0.14536,-2.05048,0.6939732827993006
51960.016003623605,3.54816,-0.14454,-2.0529,0.694780670732521
52020.02700380981,3.54752,-0.14536,-2.05532,0.6955880586657415
52080.017998069525,3.54687,-0.14454,-2.05773,0.696392110285188
52140.01600295305,3.54623,-0.14536,-2.06015,0.6971994982184084
52200.027998909354,3.54559,-0.14454,-2.06256,0.6980035498378552
52260.03300435841,3.54494,-0.14454,-2.06498,0.6988109377710754
52320.018999651074,3.54494,-0.14454,-2.0674,0.6996183257042958
52380.02900406718,3.5443,-0.14536,-2.06981,0.7004223773237426
52440.023005753756,3.54366,-0.14454,-2.07223,0.7012297652569628
52500.02200640738,3.54366,-0.14536,-2.07464,0.7020338168764095
52560.02099700272,3.54301,-0.14536,-2.07706,0.70284120480963
52620.0230050832,3.54237,-0.14536,-2.07947,0.7036452564290767
52680.02000413835,3.54173,-0.14536,-2.08189,0.7044526443622969
52740.02499952912,3.54108,-0.14454,-2.0843,0.7052566959817437
52800.02199858427,3.54044,-0.14536,-2.08672,0.7060640839149641
52860.017006099224,3.54044,-0.14454,-2.08914,0.7068714718481843
52920.01900412142,3.5398,-0.14454,-2.09155,0.7076755234676311
52980.025005340576,3.53915,-0.14454,-2.09397,0.7084829114008515
53040.02300016582,3.53851,-0.14454,-2.09638,0.709286963020298
53100.02400241792,3.53787,-0.14536,-2.0988,0.7100943509535186
53160.025004670024,3.53787,-0.14454,-2.10122,0.7109017388867389
53220.02400532365,3.53722,-0.14454,-2.10363,0.7117057905061854
53280.026999115944,3.53658,-0.14454,-2.10605,0.7125131784394059
53340.01699760556,3.53594,-0.14536,-2.10846,0.7133172300588526
53400.02099722624,3.53529,-0.14454,-2.11088,0.7141246179920728
53460.02800427377,3.53465,-0.14454,-2.1133,0.7149320059252933
53520.021000131965,3.53465,-0.14454,-2.11571,0.71573605754474
53580.02100661397,3.53401,-0.14536,-2.11813,0.7165434454779602
53640.01699984074,3.53336,-0.14454,-2.12054,0.717347497097407
53700.02099946141,3.53272,-0.14536,-2.12296,0.7181548850306274
53760.02100594342,3.53272,-0.14454,-2.12537,0.7189589366500742
53820.02000659704,3.53208,-0.14454,-2.12779,0.7197663245832944
53880.01899719238,3.53143,-0.14454,-2.13021,0.7205737125165148
53940.031998977065,3.53079,-0.14454,-2.13262,0.7213777641359616
54000.02500489354,3.53015,-0.14454,-2.13504,0.7221851520691818
54060.02700291574,3.5295,-0.14454,-2.13745,0.7229892036886285
54120.02100460231,3.52886,-0.14536,-2.13987,0.723796591621849
54180.02800159156,3.52822,-0.14536,-2.14228,0.7246006432412955
54240.027998015285,3.52757,-0.14536,-2.1447,0.7254080311745159
54300.01400336623,3.52757,-0.14454,-2.14712,0.7262154191077363
54360.023997724056,3.52693,-0.14454,-2.14953,0.7270194707271829
54420.01900523901,3.52629,-0.14454,-2.15195,0.7278268586604033
54480.02100326121,3.52564,-0.14536,-2.15436,0.72863091027985
54540.02900607884,3.525,-0.14454,-2.15678,0.7294382982130703
54600.02200193703,3.52436,-0.14454,-2.15919,0.7302423498325171
54660.019996762276,3.52371,-0.14536,-2.16161,0.7310497377657375
54720.02200484276,3.52307,-0.14454,-2.16403,0.7318571256989577
54780.02100549638,3.52243,-0.14536,-2.16644,0.7326611773184044
54840.02000615001,3.52243,-0.14536,-2.16886,0.7334685652516248
54900.02500154078,3.52178,-0.14536,-2.17127,0.7342726168710714
54960.0249979645,3.52114,-0.14536,-2.17369,0.7350800048042918
55020.018999651074,3.5205,-0.14454,-2.17611,0.7358873927375122
55080.022003501654,3.51985,-0.14454,-2.17852,0.7366914443569588
55140.02400152385,3.51921,-0.14454,-2.18094,0.7374988322901792
55200.01600161195,3.51857,-0.14536,-2.18335,0.738302883909626
55260.02099700272,3.51792,-0.14536,-2.18577,0.7391102718428464
55320.028004050255,3.51728,-0.14536,-2.18819,0.7399176597760666
55380.02099990845,3.51664,-0.14454,-2.1906,0.7407217113955133
55440.01599736512,3.51599,-0.14536,-2.19302,0.7415290993287338
55500.026001781225,3.51535,-0.14536,-2.19543,0.7423331509481803
55560.01899763942,3.51471,-0.14536,-2.19785,0.7431405388814007
55620.0210057199,3.51406,-0.14454,-2.20026,0.7439445905008475
55680.02199791372,3.51342,-0.14454,-2.20268,0.7447519784340677
55740.018996968865,3.51278,-0.14536,-2.2051,0.745559366367288
55800.023006647825,3.51213,-0.14454,-2.20751,0.7463634179867349
55860.018004104495,3.51149,-0.14536,-2.20993,0.7471708059199551
55920.02700269222,3.51085,-0.14454,-2.21234,0.747974857539402
55980.01900278032,3.5102,-0.14536,-2.21476,0.7487822454726223
56040.0220066309,3.50956,-0.14536,-2.21718,0.7495896334058425
56100.02099722624,3.50892,-0.14536,-2.21959,0.7503936850252894
56160.01499891281,3.50827,-0.14536,-2.22201,0.7512010729585097
56220.01699693501,3.50763,-0.14536,-2.22442,0.7520051245779562
56280.01400604844,3.50699,-0.14536,-2.22684,0.7528125125111766
56340.01600407064,3.50634,-0.14454,-2.22925,0.7536165641306234
56400.01800209284,3.5057,-0.14454,-2.23167,0.7544239520638436
56460.01900434494,3.50506,-0.14454,-2.23409,0.755231339997064
56520.02399973571,3.50441,-0.14536,-2.2365,0.7560353916165108
56580.02700358629,3.50377,-0.14536,-2.23892,0.756842779549731
56640.02600423992,3.50313,-0.14536,-2.24133,0.7576468311691777
56700.02199746668,3.50248,-0.14454,-2.24375,0.7584542191023981
56760.01599915326,3.50184,-0.14536,-2.24616,0.7592582707218449
56820.019003003836,3.5012,-0.14536,-2.24858,0.7600656586550651
56880.02700582147,3.49991,-0.14536,-2.251,0.7608730465882855
56940.01800008118,3.49927,-0.14454,-2.25341,0.7616770982077323
57000.01600496471,3.49862,-0.14536,-2.25583,0.7624844861409525
57060.02300195396,3.49798,-0.14454,-2.25824,0.7632885377603993
57120.02600580454,3.49734,-0.14536,-2.26066,0.7640959256936197
57180.01499846578,3.49669,-0.14536,-2.26307,0.7648999773130662
57240.018002316356,3.49605,-0.14454,-2.26549,0.7657073652462866
57300.024999305606,3.49476,-0.14536,-2.26791,0.7665147531795071
57360.026997327805,3.49412,-0.14454,-2.27032,0.7673188047989536
57420.0189974159,3.49348,-0.14454,-2.27274,0.7681261927321741
57480.02700023353,3.49283,-0.14536,-2.27515,0.7689302443516208
57540.0219976902,3.49219,-0.14454,-2.27757,0.769737632284841
57600.01899674535,3.49155,-0.14454,-2.27998,0.7705416839042879
57660.02699956298,3.4909,-0.14536,-2.2824,0.7713490718375082
57720.02100124955,3.48962,-0.14536,-2.28482,0.7721564597707284
57780.01900613308,3.48897,-0.14454,-2.28723,0.7729605113901752
57840.02400152385,3.48833,-0.14454,-2.28965,0.7737678993233955
57900.01600161195,3.48768,-0.14536,-2.29206,0.7745719509428424
57960.020001232624,3.48704,-0.14454,-2.29448,0.7753793388760626
58020.02600245178,3.48575,-0.14536,-2.29689,0.7761833904955093
58080.02200573683,3.48511,-0.14454,-2.29931,0.7769907784287298
58140.02499952912,3.48447,-0.14454,-2.30173,0.77779816636195
58200.02500601113,3.48318,-0.14454,-2.30414,0.7786022179813967
58260.029005631804,3.48254,-0.14536,-2.30656,0.7794096059146172
58320.02200149,3.48189,-0.14454,-2.30897,0.7802136575340637
58380.01800477505,3.48125,-0.14454,-2.31139,0.781021045467284
58440.020002797246,3.48061,-0.14454,-2.31381,0.7818284334005046
58500.01900345087,3.47932,-0.14536,-2.31622,0.7826324850199511
58560.02100147307,3.47868,-0.14536,-2.31864,0.7834398729531714
58620.01700475812,3.47803,-0.14454,-2.32105,0.7842439245726183
58680.02499751747,3.47675,-0.14454,-2.32347,0.7850513125058385
58740.028001368046,3.4761,-0.14454,-2.32589,0.7858587004390588
58800.022998824716,3.47546,-0.14536,-2.3283,0.7866627520585057
58860.019002109766,3.47417,-0.14454,-2.33072,0.7874701399917259
58920.022005960345,3.47353,-0.14454,-2.33313,0.7882741916111727
58980.01500181854,3.47289,-0.14536,-2.33555,0.7890815795443931
59040.01600407064,3.4716,-0.14536,-2.33797,0.7898889674776133
59100.01700632274,3.47096,-0.14536,-2.34038,0.79069301909706
59160.02499908209,3.47031,-0.14536,-2.3428,0.7915004070302804
59220.02000659704,3.46903,-0.14536,-2.34521,0.792304458649727
59280.02799935639,3.46838,-0.14536,-2.34763,0.7931118465829474
59340.02600423992,3.46774,-0.14536,-2.35004,0.7939158982023942
59400.023003295064,3.4671,-0.14454,-2.35246,0.7947232861356146
59460.024005547166,3.46581,-0.14536,-2.35488,0.7955306740688348
59520.02300620079,3.46517,-0.14536,-2.35729,0.7963347256882815
59580.01899942756,3.46452,-0.14454,-2.35971,0.797142113621502
59640.017004311085,3.46324,-0.14536,-2.36212,0.7979461652409485
59700.01800656319,3.46259,-0.14536,-2.36454,0.7987535531741689
59760.02500355244,3.46195,-0.14454,-2.36695,0.7995576047936157
59820.01900523901,3.46066,-0.14536,-2.36937,0.8003649927268359
59880.02500645816,3.46002,-0.14536,-2.37179,0.8011723806600562
59940.01899808645,3.45873,-0.14454,-2.3742,0.8019764322795031
60000.0159971416,3.45809,-0.14536,-2.37662,0.8027838202127233
60060.01900099218,3.45745,-0.14536,-2.37903,0.8035878718321702
60120.024006441236,3.45616,-0.14536,-2.38145,0.8043952597653905
60180.017998069525,3.45552,-0.14536,-2.38387,0.8052026476986107
60240.0219976902,3.45487,-0.14454,-2.38628,0.8060066993180575
60300.017005205154,3.45359,-0.14536,-2.3887,0.8068140872512778
60360.01999899745,3.45294,-0.14454,-2.39112,0.8076214751844981
60420.0150065124,3.45166,-0.14454,-2.39353,0.8084255268039449
60480.02299927175,3.45101,-0.14536,-2.39595,0.8092329147371652
60540.01700095832,3.45037,-0.14536,-2.39836,0.8100369663566118
60600.023997947574,3.44973,-0.14536,-2.40078,0.8108443542898323
60660.01700386405,3.44844,-0.14536,-2.4032,0.8116517422230526
60720.01800611615,3.4478,-0.14536,-2.40561,0.8124557938424992
60780.01800253987,3.44715,-0.14454,-2.40803,0.8132631817757197
60840.02000056207,3.44587,-0.14536,-2.41044,0.8140672333951663
60900.02500601113,3.44522,-0.14454,-2.41286,0.8148746213283866
60960.01899763942,3.44458,-0.14536,-2.41528,0.815682009261607
61020.017002522945,3.44329,-0.14454,-2.41769,0.8164860608810537
61080.02199791372,3.44265,-0.14454,-2.42011,0.8172934488142741
61140.0250017643,3.44201,-0.14536,-2.42252,0.8180975004337208
61200.01999922097,3.44072,-0.14536,-2.42494,0.8189048883669411
61260.02000570297,3.44008,-0.14536,-2.42735,0.8197089399863879
61320.025001093745,3.43943,-0.14454,-2.42977,0.8205163279196082
61380.01900278032,3.43815,-0.14454,-2.43218,0.8213203795390548
61440.02500399947,3.4375,-0.14454,-2.4346,0.8221277674722752
61500.024004653096,3.43622,-0.14454,-2.43702,0.8229351554054956
61560.01700051129,3.43557,-0.14454,-2.43943,0.8237392070249423
61620.01699693501,3.43493,-0.14454,-2.44185,0.8245465949581626
61680.02700135112,3.43364,-0.14536,-2.44426,0.8253506465776093
61740.02600200474,3.433,-0.14454,-2.44668,0.8261580345108297
61800.01800209284,3.43171,-0.14454,-2.44909,0.8269620861302764
61860.01799851656,3.43107,-0.14536,-2.45151,0.8277694740634967
61920.01600340009,3.43043,-0.14454,-2.45393,0.8285768619967171
61980.025001987815,3.42914,-0.14536,-2.45634,0.8293809136161637
62040.02299681306,3.4285,-0.14454,-2.45876,0.8301883015493841
62100.02500489354,3.42721,-0.14454,-2.46117,0.8309923531688308
62160.02099812031,3.42657,-0.14536,-2.46359,0.8317997411020511
62220.017997175455,3.42528,-0.14454,-2.46601,0.8326071290352715
62280.02000525594,3.42464,-0.14454,-2.46842,0.8334111806547182
62340.02600647509,3.42335,-0.14454,-2.47084,0.8342185685879385
62400.01999810338,3.42206,-0.14454,-2.47326,0.8350259565211589
62460.01600138843,3.42142,-0.14536,-2.47567,0.8358300081406056
62520.01599781215,3.42077,-0.14536,-2.47809,0.8366373960738259
62580.02400062978,3.41949,-0.14454,-2.4805,0.8374414476932727
62640.01700654626,3.41884,-0.14454,-2.48292,0.838248835626493
62700.02299770713,3.41756,-0.14454,-2.48533,0.8390528872459396
62760.026997327805,3.41627,-0.14536,-2.48775,0.8398602751791601
62820.01700587571,3.41563,-0.14454,-2.49017,0.8406676631123804
62880.019003897905,3.41434,-0.14454,-2.49258,0.841471714731827
62940.02500511706,3.41305,-0.14454,-2.495,0.8422791026650475
63000.02500154078,3.41241,-0.14454,-2.49741,0.8430831542844941
63060.01600585878,3.41112,-0.14536,-2.49983,0.8438905422177145
63120.02199701965,3.40984,-0.14454,-2.50225,0.8446979301509349
63180.015002936125,3.40919,-0.14454,-2.50466,0.8455019817703815
63240.02800472081,3.40791,-0.14536,-2.50708,0.8463093697036019
63300.02599954605,3.40662,-0.14454,-2.50949,0.8471134213230486
63360.01599803567,3.40598,-0.14454,-2.51191,0.8479208092562689
63420.01900188625,3.40469,-0.14536,-2.51433,0.8487281971894893
63480.02000413835,3.4034,-0.14454,-2.51674,0.849532248808936
63540.02100639045,3.40212,-0.14536,-2.51916,0.8503396367421563
63600.02300441265,3.40083,-0.14536,-2.52157,0.851143688361603
63660.02400666475,3.39954,-0.14454,-2.52399,0.8519510762948234
63720.0210057199,3.3989,-0.14536,-2.52641,0.8527584642280437
63780.01699894667,3.39761,-0.14536,-2.52882,0.8535625158474904
63840.020002797246,3.39633,-0.14536,-2.53124,0.8543699037807108
63900.026999786496,3.39568,-0.14536,-2.53365,0.8551739554001575
63960.02000570297,3.3944,-0.14454,-2.53607,0.8559813433333778
64020.02400532365,3.39311,-0.14536,-2.53848,0.8567853949528245
64080.01700118184,3.39182,-0.14454,-2.5409,0.8575927828860449
64140.02700559795,3.39054,-0.14536,-2.54332,0.8584001708192652
64200.024004653096,3.38989,-0.14536,-2.54573,0.8592042224387119
64260.02199947834,3.38861,-0.14536,-2.54815,0.8600116103719323
64320.02000436187,3.38732,-0.14454,-2.55056,0.8608156619913789
64380.01500181854,3.38603,-0.14536,-2.55298,0.8616230499245993
64440.02100303769,3.38539,-0.14454,-2.5554,0.8624304378578197
64500.02200528979,3.3841,-0.14536,-2.55781,0.8632344894772663
64560.01799851656,3.38282,-0.14536,-2.56023,0.8640418774104867
64620.01900076866,3.38153,-0.14454,-2.56264,0.8648459290299334
64680.02000302076,3.38024,-0.14536,-2.56506,0.8656533169631537
64740.024998411536,3.3796,-0.14536,-2.56747,0.8664573685826005
64800.02600066364,3.37831,-0.14454,-2.56989,0.8672647565158208
64860.02000235021,3.37703,-0.14454,-2.57231,0.8680721444490411
64920.024997740984,3.37574,-0.14536,-2.57472,0.8688761960684879
64980.02199679613,3.37445,-0.14454,-2.57714,0.8696835840017082
65040.02700224519,3.37381,-0.14536,-2.57955,0.8704876356211548
65100.01800656319,3.37252,-0.14454,-2.58197,0.8712950235543753
65160.02200618386,3.37124,-0.14536,-2.58438,0.8720990751738219
65220.01900523901,3.36995,-0.14536,-2.5868,0.8729064631070423
65280.01999743283,3.36866,-0.14536,-2.58922,0.8737138510402627
65340.01899808645,3.36738,-0.14536,-2.59163,0.8745179026597093
65400.01900456846,3.36609,-0.14454,-2.59405,0.8753252905929297
65460.028003156185,3.3648,-0.14454,-2.59646,0.8761293422123764
65520.0180016458,3.36352,-0.14454,-2.59888,0.8769367301455967
65580.01700229943,3.36287,-0.14536,-2.6013,0.8777441180788171
65640.02600088716,3.36094,-0.14536,-2.60371,0.8785481696982638
65700.0220041722,3.35966,-0.14536,-2.60613,0.8793555576314841
65760.0249979645,3.35837,-0.14536,-2.60854,0.8801596092509308
65820.02700604498,3.35773,-0.14454,-2.61096,0.8809669971841512
65880.02099767327,3.35644,-0.14454,-2.61338,0.8817743851173715
65940.02300575376,3.35515,-0.14454,-2.61579,0.8825784367368182
66000.021000579,3.35386,-0.14536,-2.61821,0.8833858246700386
66060.02700179815,3.35258,-0.14454,-2.62062,0.8841898762894853
66120.02100348473,3.35129,-0.14536,-2.62304,0.8849972642227056
66180.02399727702,3.34936,-0.14536,-2.62546,0.885804652155926
66240.02299793065,3.34872,-0.14454,-2.62787,0.8866087037753727
66300.01699961722,3.34743,-0.14536,-2.63029,0.887416091708593
66360.01800186932,3.34614,-0.14454,-2.6327,0.8882201433280397
66420.01799829304,3.34486,-0.14536,-2.63512,0.8890275312612601
66480.02500534058,3.34421,-0.14454,-2.63754,0.8898349191944804
66540.02000279725,3.34293,-0.14454,-2.63995,0.8906389708139271
66600.02800561488,3.34164,-0.14536,-2.64237,0.8914463587471475
66660.02500467002,3.34035,-0.14536,-2.64478,0.8922504103665941
66720.0190063566,3.33907,-0.14454,-2.6472,0.8930577982998146
66780.02600334585,3.33842,-0.14536,-2.64961,0.8938618499192612
66840.023002401,3.33714,-0.14454,-2.65203,0.8946692378524815
66900.02700202167,3.33649,-0.14536,-2.65445,0.895476625785702
66960.02300530672,3.33521,-0.14454,-2.65686,0.8962806774051486
67020.02100013196,3.33456,-0.14454,-2.65928,0.8970880653383689
67080.02000078559,3.33392,-0.14454,-2.66169,0.8978921169578157
67140.02600200474,3.33263,-0.14454,-2.66411,0.898699504891036
67200.01500472426,3.33135,-0.14536,-2.66653,0.8995068928242562
67260.02700068057,3.3307,-0.14536,-2.66894,0.9003109444437031
67320.01800499856,3.32942,-0.14536,-2.67136,0.9011183323769234
67380.01800142229,3.32877,-0.14536,-2.67377,0.9019223839963701
67440.01700207591,3.32749,-0.14454,-2.67619,0.9027297719295905
67500.01699849963,3.32684,-0.14454,-2.67861,0.9035371598628108
67560.02000235021,3.32556,-0.14536,-2.68102,0.9043412114822575
67620.02100460231,3.32491,-0.14536,-2.68344,0.9051485994154779
67680.02000525594,3.32427,-0.14454,-2.68585,0.9059526510349245
67740.02700224519,3.32298,-0.14536,-2.68827,0.9067600389681449
67800.02199970186,3.32234,-0.14536,-2.69069,0.9075674269013652
67860.02399772406,3.32105,-0.14454,-2.6931,0.9083714785208119
67920.01500204206,3.32041,-0.14536,-2.69552,0.9091788664540323
67980.01800589263,3.31912,-0.14536,-2.69793,0.909982918073479
68040.02099968493,3.31848,-0.14454,-2.70035,0.9107903060066993
68100.01700296998,3.31719,-0.14536,-2.70276,0.911594357626146
68160.02100259066,3.31655,-0.14536,-2.70518,0.9124017455593664
68220.0170058757,3.31526,-0.14454,-2.70759,0.9132057971788131
68280.02299703658,3.31462,-0.14536,-2.71001,0.9140131851120334
68340.02000615,3.31333,-0.14536,-2.71243,0.9148205730452537
68400.01599937677,3.31269,-0.14454,-2.71484,0.9156246246647005
68460.01999899745,3.3114,-0.14454,-2.71726,0.9164320125979208
68520.02800181508,3.31076,-0.14454,-2.71967,0.9172360642173675
68580.0270024687,3.30947,-0.14454,-2.72209,0.9180434521505879
68640.02100415528,3.30819,-0.14454,-2.72451,0.9188508400838082
68700.02200640738,3.30754,-0.14536,-2.72692,0.9196548917032549
68760.02799756825,3.30626,-0.14536,-2.72934,0.9204622796364753
68820.02199925482,3.30561,-0.14536,-2.73175,0.9212663312559219
68880.02300150692,3.30433,-0.14536,-2.73417,0.9220737191891424
68940.02499952912,3.30368,-0.14454,-2.73658,0.922877770808589
69000.01699961722,3.3024,-0.14454,-2.739,0.9236851587418093
69060.02500243485,3.30111,-0.14536,-2.74142,0.9244925466750298
69120.02200149,3.30047,-0.14536,-2.74383,0.9252965982944764
69180.01699894667,3.29918,-0.14536,-2.74625,0.9261039862276967
69240.02000279725,3.29789,-0.14454,-2.74866,0.9269080378471435
69300.0260040164,3.29725,-0.14536,-2.75108,0.9277154257803638
69360.02100147307,3.29596,-0.14454,-2.7535,0.928522813713584
69420.0190063566,3.29468,-0.14454,-2.75591,0.9293268653330309
69480.01700118184,3.29339,-0.14536,-2.75833,0.9301342532662511
69540.02700559795,3.2921,-0.14536,-2.76075,0.9309416411994714
69600.01799985766,3.29082,-0.14536,-2.76316,0.9317456928189183
69660.02300530672,3.29017,-0.14536,-2.76558,0.9325530807521385
69720.01899853349,3.28888,-0.14536,-2.76799,0.9333571323715854
69780.02100661397,3.2876,-0.14454,-2.77041,0.9341645203048057
69840.01699984074,3.28631,-0.14454,-2.77283,0.9349719082380259
69900.01700632274,3.28502,-0.14454,-2.77524,0.9357759598574727
69960.01799851656,3.28374,-0.14536,-2.77766,0.936583347790693
70020.0250055641,3.28245,-0.14536,-2.78007,0.9373873994101396
70080.01599982381,3.28116,-0.14454,-2.78249,0.9381947873433601
70140.01500047743,3.27923,-0.14536,-2.78491,0.9390021752765804
70200.02600066364,3.27795,-0.14536,-2.78732,0.939806226896027
70260.02000235021,3.27666,-0.14536,-2.78974,0.9406136148292474
70320.01999877393,3.27537,-0.14536,-2.79215,0.9414176664486942
70380.02300262451,3.27344,-0.14536,-2.79457,0.9422250543819146
70440.02099744976,3.27216,-0.14536,-2.79698,0.9430291060013613
70500.01900233328,3.27023,-0.14454,-2.7994,0.9438364939345815
70560.02700515091,3.26894,-0.14454,-2.80182,0.944643881867802
70620.01700364053,3.26701,-0.14536,-2.80423,0.9454479334872486
70680.0219990313,3.26508,-0.14454,-2.80665,0.9462553214204689
70740.01600071788,3.26315,-0.14454,-2.80906,0.9470593730399157
70800.02200193703,3.26186,-0.14454,-2.81148,0.9478667609731359
70860.0160036236,3.25993,-0.14454,-2.8139,0.9486741489063563
70920.02400644124,3.25736,-0.14536,-2.81631,0.9494782005258031
70980.02100549638,3.25543,-0.14536,-2.81873,0.9502855884590233
71040.0210019201,3.2535,-0.14536,-2.82114,0.9510896400784702
71100.0220041722,3.25157,-0.14536,-2.82356,0.9518970280116904
71160.01900322735,3.249,-0.14454,-2.82598,0.9527044159449107
71220.0260002166,3.24642,-0.14536,-2.82839,0.9535084675643576
71280.02099767327,3.24449,-0.14536,-2.83081,0.9543158554975778
71340.02199992537,3.24192,-0.14536,-2.83322,0.9551199071170244
71400.02599954605,3.23935,-0.14454,-2.83564,0.9559272950502449
71460.0220028311,3.23613,-0.14536,-2.83806,0.9567346829834652
71520.0230050832,3.23291,-0.14454,-2.84047,0.9575387346029118
71580.02200573683,3.23034,-0.14536,-2.84289,0.9583461225361323
71640.01900479198,3.22648,-0.14536,-2.84531,0.9591535104693526
71700.02500601113,3.22326,-0.14536,-2.84772,0.9599575620887992
71760.02400666475,3.22004,-0.14536,-2.85014,0.9607649500220197
71820.01599669456,3.21554,-0.14536,-2.85255,0.9615690016414663
71880.02800270915,3.21168,-0.14536,-2.85497,0.9623763895746866
71940.0259975344,3.20782,-0.14454,-2.85739,0.9631837775079071
72000.0269997865,3.20332,-0.14454,-2.8598,0.9639878291273537
72060.01699827611,3.19881,-0.14454,-2.86222,0.9647952170605741
72120.02400532365,3.19367,-0.14454,-2.86463,0.9655992686800208
72180.01600541174,3.18916,-0.14536,-2.86705,0.9664066566132411
72240.02399817109,3.18402,-0.14454,-2.86946,0.967210708232688
72300.01799985766,3.17887,-0.14536,-2.87188,0.9680180961659082
72360.01900210977,3.17308,-0.14454,-2.8743,0.9688254840991285
72420.01600116491,3.16729,-0.14454,-2.87671,0.9696295357185752
72480.02700135112,3.1615,-0.14536,-2.87913,0.9704369236517956
72540.02699777484,3.15506,-0.14454,-2.88154,0.9712409752712423
72600.02000369132,3.14927,-0.14454,-2.88396,0.9720483632044626
72660.02799645066,3.14284,-0.14536,-2.88637,0.9728524148239093
72720.0250055641,3.13576,-0.14536,-2.88879,0.9736598027571297
72780.01700565219,3.12933,-0.14454,-2.8912,0.9744638543765763
72840.02700001001,3.12225,-0.14536,-2.89362,0.9752712423097967
72900.01600272954,3.11518,-0.14454,-2.89604,0.9760786302430171
72960.02400554717,3.10746,-0.14536,-2.89845,0.9768826818624637
73020.01799717546,3.09974,-0.14454,-2.90087,0.9776900697956841
73080.02700582147,3.09202,-0.14454,-2.90329,0.9784974577289045
73140.02600647509,3.08365,-0.14454,-2.9057,0.9793015093483511
73200.02400130033,3.07529,-0.14536,-2.90812,0.9801088972815715
73260.02000458539,3.06628,-0.14454,-2.91053,0.9809129489010182
73320.01900523901,3.05727,-0.14454,-2.91295,0.9817203368342385
73380.02100326121,3.04827,-0.14454,-2.91536,0.9825243884536854
73440.0230012834,3.03862,-0.14454,-2.91778,0.9833317763869056
73500.01700296998,3.02832,-0.14536,-2.9202,0.9841391643201259
73560.02300418913,3.01803,-0.14454,-2.92261,0.9849432159395727
73620.0170058757,3.00709,-0.14536,-2.92503,0.985750603872793
73680.01600652933,2.99551,-0.14536,-2.92744,0.9865546554922396
73740.02800248563,2.98329,-0.14454,-2.92986,0.9873620434254601
73800.01599937677,2.97106,-0.14454,-2.93228,0.9881694313586804
73860.02800539136,2.95755,-0.14454,-2.93469,0.988973482978127
73920.02899758518,2.94404,-0.14454,-2.93711,0.9897808709113475
73980.0270024687,2.92924,-0.14454,-2.93952,0.9905849225307941
74040.0199983269,2.91316,-0.14454,-2.94194,0.9913923104640145
74100.021000579,2.89579,-0.14536,-2.94436,0.9921996983972349
74160.0220028311,2.87777,-0.14454,-2.94677,0.9930037500166815
74220.02500668168,2.85783,-0.14536,-2.94919,0.993811137949902
74280.02099990845,2.83467,-0.14454,-2.9516,0.9946151895693486
74340.02900272608,2.80893,-0.14536,-2.95402,0.9954225775025689
74400.02699755132,2.77805,-0.14454,-2.95643,0.9962266291220156
74460.02400666475,2.74138,-0.14454,-2.95885,0.997034017055236
74520.02400308847,2.6957,-0.14536,-2.96126,0.9978380686746826
74580.0230037421,2.63651,-0.14454,-2.96368,0.998645456607903
74640.02000279725,2.56124,-0.14454,-2.9661,0.9994528445411234
74680.8860052377,2.49948,-0.14536,-2.96774,1.0
